from,to,weight
RES_A5012345678,RES_A5012345709,6
RES_A5012345691,RES_A5012345693,6
RES_A5012345690,RES_A5012345703,6
RES_A5012345703,RES_A5012345707,6
RES_A5012345679,RES_A5012345684,5
RES_A5012345678,RES_A5012345696,5
RES_A5012345686,RES_A5012345707,5
RES_A5012345684,RES_A5012345700,5
RES_A5012345687,RES_A5012345705,5
RES_A5012345685,RES_A5012345696,5
RES_A5012345684,RES_A5012345694,5
RES_A5012345681,RES_A5012345683,5
RES_A5012345681,RES_A5012345682,5
RES_A5012345680,RES_A5012345704,4
RES_A5012345708,RES_A5012345709,4
RES_A5012345698,RES_A5012345699,4
RES_A5012345707,RES_A5012345709,4
RES_A5012345699,RES_A5012345705,4
RES_A5012345695,RES_A5012345699,4
RES_A5012345696,RES_A5012345698,4
RES_A5012345680,RES_A5012345699,4
RES_A5012345682,RES_A5012345695,4
RES_A5012345693,RES_A5012345709,4
RES_A5012345689,RES_A5012345695,4
RES_A5012345693,RES_A5012345702,3
RES_A5012345699,RES_A5012345700,3
RES_A5012345690,RES_A5012345692,3
RES_A5012345684,RES_A5012345697,2
RES_A5012345684,RES_A5012345695,2
RES_A5012345692,RES_A5012345711,2
RES_A5012345696,RES_A5012345709,2
RES_A5012345696,RES_A5012345708,2
RES_A5012345689,RES_A5012345697,2
RES_A5012345679,RES_A5012345711,1
RES_A5012345678,RES_A5012345694,1
RES_A5012345678,RES_A5012345686,1
RES_A5012345680,RES_A5012345698,1
RES_A5012345679,RES_A5012345701,1
RES_A5012345683,RES_A5012345697,1
RES_A5012345686,RES_A5012345709,1
RES_A5012345684,RES_A5012345699,1
RES_A5012345685,RES_A5012345691,1
RES_A5012345690,RES_A5012345694,1
RES_A5012345694,RES_A5012345704,1
RES_A5012345694,RES_A5012345705,1
RES_A5012345701,RES_A5012345704,1
