researcher_id,researcher,institution,trajectory_type,interval_years,has_ekfs,has_dfg,first_ekfs_year,first_dfg_year,ekfs_grant_count,dfg_grant_count,observed_prior_dfg_grants,prior_dfg_programmes,screening_note,data_completeness_flag
RES_A5012345678,Christian von Kalle,Charité - Universitätsmedizin Berlin,DFG_EKFS_DFG_MultiPhase,0.0,True,True,2019.0,2017.0,1,2,1,Sonderforschungsbereiche; Sachbeihilfe,Observed independent prior DFG project (Sachbeihilfe/major line); relevant for lines requiring prior peer-reviewed awards or junior limits.,Observational records bounded by available GEPRIS and EKFS database snapshots. Not an official eligibility ruling.
RES_A5012345679,Julia-Stefanie Frick,Universitätsklinikum Tübingen,DFG_preceding_EKFS,9.0,True,True,2024.0,2015.0,1,1,1,Sachbeihilfe,Observed independent prior DFG project (Sachbeihilfe/major line); relevant for lines requiring prior peer-reviewed awards or junior limits.,Observational records bounded by available GEPRIS and EKFS database snapshots. Not an official eligibility ruling.
RES_A5012345680,Stefan Endres,LMU Klinikum München,DFG_preceding_EKFS,8.0,True,True,2021.0,2013.0,1,2,2,Sonderforschungsbereiche; Sachbeihilfe,Observed independent prior DFG project (Sachbeihilfe/major line); relevant for lines requiring prior peer-reviewed awards or junior limits.,Observational records bounded by available GEPRIS and EKFS database snapshots. Not an official eligibility ruling.
RES_A5012345681,Felix Neuhaus,Universitätsklinikum Frankfurt,EKFS_preceding_DFG,5.0,True,True,2018.0,2023.0,1,1,0,Emmy Noether-Programm,No observed prior DFG funding in records; typical profile for junior clinician scientist lines (e.g. Memorial Stipendien).,Observational records bounded by available GEPRIS and EKFS database snapshots. Not an official eligibility ruling.
RES_A5012345682,Sandra Ciesek,Universitätsklinikum Frankfurt,DFG_EKFS_DFG_MultiPhase,0.0,True,True,2019.0,2017.0,1,2,1,Sonderforschungsbereiche; Sachbeihilfe,Observed independent prior DFG project (Sachbeihilfe/major line); relevant for lines requiring prior peer-reviewed awards or junior limits.,Observational records bounded by available GEPRIS and EKFS database snapshots. Not an official eligibility ruling.
RES_A5012345683,Moritz von Winterfeld,Universitätsklinikum Heidelberg,EKFS_preceding_DFG,2.0,True,True,2018.0,2020.0,1,1,0,Emmy Noether-Programm,No observed prior DFG funding in records; typical profile for junior clinician scientist lines (e.g. Memorial Stipendien).,Observational records bounded by available GEPRIS and EKFS database snapshots. Not an official eligibility ruling.
RES_A5012345684,Marion Subklewe,LMU Klinikum München,DFG_preceding_EKFS,6.0,True,True,2022.0,2016.0,1,1,1,Sachbeihilfe,Observed independent prior DFG project (Sachbeihilfe/major line); relevant for lines requiring prior peer-reviewed awards or junior limits.,Observational records bounded by available GEPRIS and EKFS database snapshots. Not an official eligibility ruling.
RES_A5012345685,Alexander Mildner,Universitätsklinikum Freiburg,Concurrent_Initial_Funding,0.0,True,True,2019.0,2019.0,1,1,0,Sachbeihilfe,No observed prior DFG funding in records; typical profile for junior clinician scientist lines (e.g. Memorial Stipendien).,Observational records bounded by available GEPRIS and EKFS database snapshots. Not an official eligibility ruling.
RES_A5012345686,Leif Erik Sander,Charité - Universitätsmedizin Berlin,DFG_EKFS_DFG_MultiPhase,0.0,True,True,2021.0,2017.0,1,2,1,Sonderforschungsbereiche; Sachbeihilfe,Observed independent prior DFG project (Sachbeihilfe/major line); relevant for lines requiring prior peer-reviewed awards or junior limits.,Observational records bounded by available GEPRIS and EKFS database snapshots. Not an official eligibility ruling.
RES_A5012345687,Katharina Limm,Universitätsklinikum Erlangen,EKFS_preceding_DFG,5.0,True,True,2018.0,2023.0,1,1,0,Emmy Noether-Programm,No observed prior DFG funding in records; typical profile for junior clinician scientist lines (e.g. Memorial Stipendien).,Observational records bounded by available GEPRIS and EKFS database snapshots. Not an official eligibility ruling.
RES_A5012345688,Tobias Bopp,Universitätsklinikum Frankfurt,DFG_preceding_EKFS,7.0,True,True,2024.0,2017.0,1,1,1,Sachbeihilfe,Observed independent prior DFG project (Sachbeihilfe/major line); relevant for lines requiring prior peer-reviewed awards or junior limits.,Observational records bounded by available GEPRIS and EKFS database snapshots. Not an official eligibility ruling.
RES_A5012345689,Johannes Schetelig,Universitätsklinikum Hamburg-Eppendorf,DFG_preceding_EKFS,1.0,True,True,2020.0,2019.0,1,1,1,Sachbeihilfe,Observed independent prior DFG project (Sachbeihilfe/major line); relevant for lines requiring prior peer-reviewed awards or junior limits.,Observational records bounded by available GEPRIS and EKFS database snapshots. Not an official eligibility ruling.
RES_A5012345690,Maximilian Merz,Universitätsklinikum Heidelberg,EKFS_Only,,True,False,2018.0,,1,0,0,,No observed prior DFG funding in records; typical profile for junior clinician scientist lines (e.g. Memorial Stipendien).,Observational records bounded by available GEPRIS and EKFS database snapshots. Not an official eligibility ruling.
RES_A5012345691,Anna-Lena Kretz,Universitätsklinikum Freiburg,EKFS_Only,,True,False,2018.0,,1,0,0,,No observed prior DFG funding in records; typical profile for junior clinician scientist lines (e.g. Memorial Stipendien).,Observational records bounded by available GEPRIS and EKFS database snapshots. Not an official eligibility ruling.
RES_A5012345692,Lukas Flatz,Universitätsklinikum Tübingen,EKFS_Only,,True,False,2024.0,,1,0,0,,No observed prior DFG funding in records; typical profile for junior clinician scientist lines (e.g. Memorial Stipendien).,Observational records bounded by available GEPRIS and EKFS database snapshots. Not an official eligibility ruling.
RES_A5012345693,Christoph Kuppe,Universitätsklinikum Köln,EKFS_Only,,True,False,2021.0,,1,0,0,,No observed prior DFG funding in records; typical profile for junior clinician scientist lines (e.g. Memorial Stipendien).,Observational records bounded by available GEPRIS and EKFS database snapshots. Not an official eligibility ruling.
RES_A5012345694,Clarissa von Rundstedt,Universitätsmedizin Göttingen,EKFS_Only,,True,False,2019.0,,1,0,0,,No observed prior DFG funding in records; typical profile for junior clinician scientist lines (e.g. Memorial Stipendien).,Observational records bounded by available GEPRIS and EKFS database snapshots. Not an official eligibility ruling.
RES_A5012345695,Simon Lebek,"Klinikum rechts der Isar, TU München",EKFS_Only,,True,False,2020.0,,1,0,0,,No observed prior DFG funding in records; typical profile for junior clinician scientist lines (e.g. Memorial Stipendien).,Observational records bounded by available GEPRIS and EKFS database snapshots. Not an official eligibility ruling.
RES_A5012345696,Hannah Voelkle,Charité - Universitätsmedizin Berlin,EKFS_Only,,True,False,2022.0,,1,0,0,,No observed prior DFG funding in records; typical profile for junior clinician scientist lines (e.g. Memorial Stipendien).,Observational records bounded by available GEPRIS and EKFS database snapshots. Not an official eligibility ruling.
RES_A5012345697,Niklas de Beauclair,Universitätsklinikum Hamburg-Eppendorf,EKFS_Only,,True,False,2018.0,,1,0,0,,No observed prior DFG funding in records; typical profile for junior clinician scientist lines (e.g. Memorial Stipendien).,Observational records bounded by available GEPRIS and EKFS database snapshots. Not an official eligibility ruling.
RES_A5012345698,Laura Mayer-Suess,LMU Klinikum München,EKFS_Only,,True,False,2025.0,,1,0,0,,No observed prior DFG funding in records; typical profile for junior clinician scientist lines (e.g. Memorial Stipendien).,Observational records bounded by available GEPRIS and EKFS database snapshots. Not an official eligibility ruling.
RES_A5012345699,Sebastian Kobold,LMU Klinikum München,EKFS_Only,,True,False,2024.0,,1,0,0,,No observed prior DFG funding in records; typical profile for junior clinician scientist lines (e.g. Memorial Stipendien).,Observational records bounded by available GEPRIS and EKFS database snapshots. Not an official eligibility ruling.
RES_A5012345700,Veit Hornung,LMU Klinikum München,DFG_Only,,False,True,,2014.0,0,1,1,Sonderforschungsbereiche,Informational screening observation only.,Observational records bounded by available GEPRIS and EKFS database snapshots. Not an official eligibility ruling.
RES_A5012345701,Peter Krammer,Deutsches Krebsforschungszentrum (DKFZ),DFG_Only,,False,True,,2024.0,0,1,1,Sonderforschungsbereiche,Informational screening observation only.,Observational records bounded by available GEPRIS and EKFS database snapshots. Not an official eligibility ruling.
RES_A5012345702,Michael Hallek,Universitätsklinikum Köln,DFG_Only,,False,True,,2022.0,0,1,1,Klinische Forschungsgruppen,Informational screening observation only.,Observational records bounded by available GEPRIS and EKFS database snapshots. Not an official eligibility ruling.
RES_A5012345703,Sonja-Verena Albers,Universitätsklinikum Freiburg,DFG_Only,,False,True,,2022.0,0,1,1,Sonderforschungsbereiche,Informational screening observation only.,Observational records bounded by available GEPRIS and EKFS database snapshots. Not an official eligibility ruling.
RES_A5012345704,Mathias Heikenwälder,Deutsches Krebsforschungszentrum (DKFZ),DFG_Only,,False,True,,2018.0,0,1,1,Sachbeihilfe,Observed independent prior DFG project (Sachbeihilfe/major line); relevant for lines requiring prior peer-reviewed awards or junior limits.,Observational records bounded by available GEPRIS and EKFS database snapshots. Not an official eligibility ruling.
RES_A5012345705,Brenda Schulman,"Klinikum rechts der Isar, TU München",DFG_Only,,False,True,,2016.0,0,1,1,Heisenberg-Programm,Observed independent prior DFG project (Sachbeihilfe/major line); relevant for lines requiring prior peer-reviewed awards or junior limits.,Observational records bounded by available GEPRIS and EKFS database snapshots. Not an official eligibility ruling.
RES_A5012345706,Dirk Busch,"Klinikum rechts der Isar, TU München",DFG_Only,,False,True,,2018.0,0,1,1,Klinische Forschungsgruppen,Informational screening observation only.,Observational records bounded by available GEPRIS and EKFS database snapshots. Not an official eligibility ruling.
RES_A5012345707,Jörg Vogel,Universitätsmedizin Göttingen,DFG_Only,,False,True,,2020.0,0,1,1,Sachbeihilfe,Observed independent prior DFG project (Sachbeihilfe/major line); relevant for lines requiring prior peer-reviewed awards or junior limits.,Observational records bounded by available GEPRIS and EKFS database snapshots. Not an official eligibility ruling.
RES_A5012345708,Eicke Latz,Charité - Universitätsmedizin Berlin,DFG_Only,,False,True,,2022.0,0,1,1,Sachbeihilfe,Observed independent prior DFG project (Sachbeihilfe/major line); relevant for lines requiring prior peer-reviewed awards or junior limits.,Observational records bounded by available GEPRIS and EKFS database snapshots. Not an official eligibility ruling.
RES_A5012345709,Britta Siegmund,Charité - Universitätsmedizin Berlin,DFG_Only,,False,True,,2014.0,0,1,1,Sonderforschungsbereiche,Informational screening observation only.,Observational records bounded by available GEPRIS and EKFS database snapshots. Not an official eligibility ruling.
RES_A5012345710,Robert Thimme,Universitätsklinikum Freiburg,DFG_Only,,False,True,,2014.0,0,1,1,Heisenberg-Programm,Observed independent prior DFG project (Sachbeihilfe/major line); relevant for lines requiring prior peer-reviewed awards or junior limits.,Observational records bounded by available GEPRIS and EKFS database snapshots. Not an official eligibility ruling.
RES_A5012345711,Lars Zender,Universitätsklinikum Tübingen,DFG_Only,,False,True,,2022.0,0,1,1,Heisenberg-Programm,Observed independent prior DFG project (Sachbeihilfe/major line); relevant for lines requiring prior peer-reviewed awards or junior limits.,Observational records bounded by available GEPRIS and EKFS database snapshots. Not an official eligibility ruling.
