institution_id,canonical_name,country
INST_001,Charité - Universitätsmedizin Berlin,Germany
INST_002,Deutsches Krebsforschungszentrum (DKFZ),Germany
INST_003,"Klinikum rechts der Isar, TU München",Germany
INST_004,LMU Klinikum München,Germany
INST_005,Universitätsklinikum Erlangen,Germany
INST_006,Universitätsklinikum Frankfurt,Germany
INST_007,Universitätsklinikum Freiburg,Germany
INST_008,Universitätsklinikum Hamburg-Eppendorf,Germany
INST_009,Universitätsklinikum Heidelberg,Germany
INST_010,Universitätsklinikum Köln,Germany
INST_011,Universitätsklinikum Tübingen,Germany
INST_012,Universitätsmedizin Göttingen,Germany
