from,to,coauthored_publication_weight,cross_institution_researcher_pairs,total_institutional_tie_strength
Charité - Universitätsmedizin Berlin,LMU Klinikum München,4,1,4
Charité - Universitätsmedizin Berlin,Universitätsklinikum Freiburg,5,1,5
Charité - Universitätsmedizin Berlin,Universitätsklinikum Köln,4,1,4
Charité - Universitätsmedizin Berlin,Universitätsmedizin Göttingen,10,3,10
Deutsches Krebsforschungszentrum (DKFZ),LMU Klinikum München,4,1,4
Deutsches Krebsforschungszentrum (DKFZ),Universitätsklinikum Tübingen,1,1,1
Deutsches Krebsforschungszentrum (DKFZ),Universitätsmedizin Göttingen,1,1,1
"Klinikum rechts der Isar, TU München",LMU Klinikum München,10,3,10
"Klinikum rechts der Isar, TU München",Universitätsklinikum Erlangen,5,1,5
"Klinikum rechts der Isar, TU München",Universitätsklinikum Frankfurt,4,1,4
"Klinikum rechts der Isar, TU München",Universitätsklinikum Hamburg-Eppendorf,4,1,4
"Klinikum rechts der Isar, TU München",Universitätsmedizin Göttingen,1,1,1
LMU Klinikum München,Universitätsklinikum Hamburg-Eppendorf,2,1,2
LMU Klinikum München,Universitätsklinikum Tübingen,5,1,5
LMU Klinikum München,Universitätsmedizin Göttingen,5,1,5
Universitätsklinikum Frankfurt,Universitätsklinikum Heidelberg,5,1,5
Universitätsklinikum Freiburg,Universitätsklinikum Heidelberg,6,1,6
Universitätsklinikum Freiburg,Universitätsklinikum Köln,6,1,6
Universitätsklinikum Freiburg,Universitätsmedizin Göttingen,6,1,6
Universitätsklinikum Hamburg-Eppendorf,Universitätsklinikum Heidelberg,1,1,1
Universitätsklinikum Heidelberg,Universitätsklinikum Tübingen,3,1,3
Universitätsklinikum Heidelberg,Universitätsmedizin Göttingen,1,1,1
