researcher_id,display_name,institution,funder_membership,degree,weighted_degree,betweenness,eigenvector_centrality,closeness,component_id,community,strongest_collaborator_id,strongest_collaborator_name,strongest_tie_weight,collaboration_profile
RES_A5012345678,Christian von Kalle,Charité - Universitätsmedizin Berlin,both,4,13.0,0.13731,0.80698,0.37975,1,1,RES_A5012345709,Britta Siegmund,6,broad_intensive
RES_A5012345679,Julia-Stefanie Frick,Universitätsklinikum Tübingen,both,3,7.0,0.02652,0.08367,0.30928,1,3,RES_A5012345684,Marion Subklewe,5,broad_distributed
RES_A5012345680,Stefan Endres,LMU Klinikum München,both,3,9.0,0.03883,0.13028,0.34091,1,3,RES_A5012345699,Sebastian Kobold,4,broad_intensive
RES_A5012345681,Felix Neuhaus,Universitätsklinikum Frankfurt,both,2,10.0,0.02652,0.02877,0.21583,1,3,RES_A5012345682,Sandra Ciesek,5,concentrated_deep
RES_A5012345682,Sandra Ciesek,Universitätsklinikum Frankfurt,both,2,9.0,0.05161,0.05954,0.26316,1,3,RES_A5012345681,Felix Neuhaus,5,concentrated_deep
RES_A5012345683,Moritz von Winterfeld,Universitätsklinikum Heidelberg,both,2,6.0,0.00047,0.01448,0.2439,1,3,RES_A5012345681,Felix Neuhaus,5,sparse_collaboration
RES_A5012345684,Marion Subklewe,LMU Klinikum München,both,6,20.0,0.07434,0.21015,0.4,1,3,RES_A5012345679,Julia-Stefanie Frick,5,broad_intensive
RES_A5012345685,Alexander Mildner,Universitätsklinikum Freiburg,both,2,6.0,0.0,0.31421,0.27027,1,1,RES_A5012345696,Hannah Voelkle,5,sparse_collaboration
RES_A5012345686,Leif Erik Sander,Charité - Universitätsmedizin Berlin,both,3,7.0,0.0,0.39438,0.30303,1,1,RES_A5012345707,Jörg Vogel,5,broad_distributed
RES_A5012345687,Katharina Limm,Universitätsklinikum Erlangen,both,1,5.0,0.0,0.04615,0.25862,1,3,RES_A5012345705,Brenda Schulman,5,sparse_collaboration
RES_A5012345688,Tobias Bopp,Universitätsklinikum Frankfurt,both,0,0.0,0.0,0.0,0.0,2,2,,,0,sparse_collaboration
RES_A5012345689,Johannes Schetelig,Universitätsklinikum Hamburg-Eppendorf,both,2,6.0,0.01326,0.05494,0.26316,1,3,RES_A5012345695,Simon Lebek,4,sparse_collaboration
RES_A5012345690,Maximilian Merz,Universitätsklinikum Heidelberg,EKFS only,3,10.0,0.0483,0.2146,0.32967,1,1,RES_A5012345703,Sonja-Verena Albers,6,broad_intensive
RES_A5012345691,Anna-Lena Kretz,Universitätsklinikum Freiburg,EKFS only,2,7.0,0.0,0.23101,0.22727,1,1,RES_A5012345693,Christoph Kuppe,6,sparse_collaboration
RES_A5012345692,Lukas Flatz,Universitätsklinikum Tübingen,EKFS only,2,5.0,0.01136,0.05233,0.26087,1,1,RES_A5012345690,Maximilian Merz,3,sparse_collaboration
RES_A5012345693,Christoph Kuppe,Universitätsklinikum Köln,EKFS only,3,13.0,0.05398,0.44284,0.26316,1,1,RES_A5012345691,Anna-Lena Kretz,6,broad_intensive
RES_A5012345694,Clarissa von Rundstedt,Universitätsmedizin Göttingen,EKFS only,5,9.0,0.03456,0.17462,0.42857,1,3,RES_A5012345684,Marion Subklewe,5,broad_intensive
RES_A5012345695,Simon Lebek,"Klinikum rechts der Isar, TU München",EKFS only,4,14.0,0.10985,0.15548,0.33708,1,3,RES_A5012345682,Sandra Ciesek,4,broad_intensive
RES_A5012345696,Hannah Voelkle,Charité - Universitätsmedizin Berlin,EKFS only,5,18.0,0.15767,0.7621,0.34884,1,1,RES_A5012345678,Christian von Kalle,5,broad_intensive
RES_A5012345697,Niklas de Beauclair,Universitätsklinikum Hamburg-Eppendorf,EKFS only,3,5.0,0.0,0.04235,0.30612,1,3,RES_A5012345684,Marion Subklewe,2,broad_distributed
RES_A5012345698,Laura Mayer-Suess,LMU Klinikum München,EKFS only,3,9.0,0.1482,0.33434,0.36145,1,3,RES_A5012345696,Hannah Voelkle,4,broad_intensive
RES_A5012345699,Sebastian Kobold,LMU Klinikum München,EKFS only,6,20.0,0.20218,0.28041,0.38462,1,3,RES_A5012345680,Stefan Endres,4,broad_intensive
RES_A5012345700,Veit Hornung,LMU Klinikum München,DFG only,2,8.0,0.02746,0.1471,0.31579,1,3,RES_A5012345684,Marion Subklewe,5,concentrated_deep
RES_A5012345701,Peter Krammer,Deutsches Krebsforschungszentrum (DKFZ),DFG only,2,2.0,0.0,0.01078,0.28302,1,3,RES_A5012345679,Julia-Stefanie Frick,1,sparse_collaboration
RES_A5012345702,Michael Hallek,Universitätsklinikum Köln,DFG only,1,3.0,0.0,0.10329,0.20979,1,1,RES_A5012345693,Christoph Kuppe,3,sparse_collaboration
RES_A5012345703,Sonja-Verena Albers,Universitätsklinikum Freiburg,DFG only,2,12.0,0.05208,0.40478,0.29126,1,1,RES_A5012345690,Maximilian Merz,6,concentrated_deep
RES_A5012345704,Mathias Heikenwälder,Deutsches Krebsforschungszentrum (DKFZ),DFG only,3,6.0,0.0142,0.05493,0.33333,1,3,RES_A5012345680,Stefan Endres,4,broad_distributed
RES_A5012345705,Brenda Schulman,"Klinikum rechts der Isar, TU München",DFG only,3,10.0,0.02746,0.11872,0.34483,1,3,RES_A5012345687,Katharina Limm,5,broad_intensive
RES_A5012345706,Dirk Busch,"Klinikum rechts der Isar, TU München",DFG only,0,0.0,0.0,0.0,0.0,3,4,,,0,sparse_collaboration
RES_A5012345707,Jörg Vogel,Universitätsmedizin Göttingen,DFG only,3,15.0,0.08428,0.65312,0.27273,1,1,RES_A5012345703,Sonja-Verena Albers,6,broad_intensive
RES_A5012345708,Eicke Latz,Charité - Universitätsmedizin Berlin,DFG only,2,6.0,0.0,0.42949,0.27523,1,1,RES_A5012345709,Britta Siegmund,4,sparse_collaboration
RES_A5012345709,Britta Siegmund,Charité - Universitätsmedizin Berlin,DFG only,6,21.0,0.15246,1.0,0.33333,1,1,RES_A5012345678,Christian von Kalle,6,broad_intensive
RES_A5012345710,Robert Thimme,Universitätsklinikum Freiburg,DFG only,0,0.0,0.0,0.0,0.0,4,5,,,0,sparse_collaboration
RES_A5012345711,Lars Zender,Universitätsklinikum Tübingen,DFG only,2,3.0,0.00189,0.01464,0.25424,1,1,RES_A5012345692,Lukas Flatz,2,sparse_collaboration
