project_id,funder,title,programme_or_funding_line,topic_or_subject,start_date,end_date,status,funding_year,source_url
EKFS-2023-1001,EKFS,Therapeutic targeting and molecular mechanisms in oncology & gene therapy (Kalle Lab),Schlüsselprojekte,Oncology & Gene Therapy,2019-04-01,2022-03-31,completed,2019,https://www.ekfs.de/wissenschaftliche-foerderung/aktuelle-projekte/ekfs-2023-1001
EKFS-2022-1002,EKFS,Therapeutic targeting and molecular mechanisms in immunology & microbiome (Frick Lab),Translationale Forschungsprojekte,Immunology & Microbiome,2024-04-01,2027-03-31,active,2024,https://www.ekfs.de/wissenschaftliche-foerderung/aktuelle-projekte/ekfs-2022-1002
EKFS-2019-1003,EKFS,Therapeutic targeting and molecular mechanisms in clinical pharmacology & immunology (Endres Lab),Schlüsselprojekte,Clinical Pharmacology & Immunology,2021-04-01,2024-03-31,completed,2021,https://www.ekfs.de/wissenschaftliche-foerderung/aktuelle-projekte/ekfs-2019-1003
EKFS-2025-1004,EKFS,Therapeutic targeting and molecular mechanisms in cardiovascular medicine (Neuhaus Lab),Else Kröner Memorial Stipendien,Cardiovascular Medicine,2018-04-01,2021-03-31,completed,2018,https://www.ekfs.de/wissenschaftliche-foerderung/aktuelle-projekte/ekfs-2025-1004
EKFS-2018-1005,EKFS,Therapeutic targeting and molecular mechanisms in virology & infectious diseases (Ciesek Lab),Schlüsselprojekte,Virology & Infectious Diseases,2019-04-01,2022-03-31,completed,2019,https://www.ekfs.de/wissenschaftliche-foerderung/aktuelle-projekte/ekfs-2018-1005
EKFS-2022-1006,EKFS,Therapeutic targeting and molecular mechanisms in gastroenterology & oncology (Winterfeld Lab),Else Kröner Memorial Stipendien,Gastroenterology & Oncology,2018-04-01,2021-03-31,completed,2018,https://www.ekfs.de/wissenschaftliche-foerderung/aktuelle-projekte/ekfs-2022-1006
EKFS-2023-1007,EKFS,Therapeutic targeting and molecular mechanisms in cellular immunotherapy & hematology (Subklewe Lab),Translationale Forschungsprojekte,Cellular Immunotherapy & Hematology,2022-04-01,2025-03-31,active,2022,https://www.ekfs.de/wissenschaftliche-foerderung/aktuelle-projekte/ekfs-2023-1007
EKFS-2019-1008,EKFS,Therapeutic targeting and molecular mechanisms in neuroimmunology (Mildner Lab),Else Kröner Forschungskollegs,Neuroimmunology,2019-04-01,2022-03-31,completed,2019,https://www.ekfs.de/wissenschaftliche-foerderung/aktuelle-projekte/ekfs-2019-1008
EKFS-2020-1009,EKFS,Therapeutic targeting and molecular mechanisms in infectious diseases & pulmonology (Sander Lab),Schlüsselprojekte,Infectious Diseases & Pulmonology,2021-04-01,2024-03-31,completed,2021,https://www.ekfs.de/wissenschaftliche-foerderung/aktuelle-projekte/ekfs-2020-1009
EKFS-2024-1010,EKFS,Therapeutic targeting and molecular mechanisms in metabolomics & oncology (Limm Lab),Else Kröner Memorial Stipendien,Metabolomics & Oncology,2018-04-01,2021-03-31,completed,2018,https://www.ekfs.de/wissenschaftliche-foerderung/aktuelle-projekte/ekfs-2024-1010
EKFS-2023-1011,EKFS,Therapeutic targeting and molecular mechanisms in immunology & t-cell regulation (Bopp Lab),Translationale Forschungsprojekte,Immunology & T-Cell Regulation,2024-04-01,2027-03-31,active,2024,https://www.ekfs.de/wissenschaftliche-foerderung/aktuelle-projekte/ekfs-2023-1011
EKFS-2017-1012,EKFS,Therapeutic targeting and molecular mechanisms in stem cell transplantation (Schetelig Lab),Else Kröner Forschungskollegs,Stem Cell Transplantation,2020-04-01,2023-03-31,completed,2020,https://www.ekfs.de/wissenschaftliche-foerderung/aktuelle-projekte/ekfs-2017-1012
EKFS-2022-1013,EKFS,Therapeutic targeting and molecular mechanisms in multiple myeloma & oncology (Merz Lab),Schlüsselprojekte,Multiple Myeloma & Oncology,2018-04-01,2021-03-31,completed,2018,https://www.ekfs.de/wissenschaftliche-foerderung/aktuelle-projekte/ekfs-2022-1013
EKFS-2022-1014,EKFS,Therapeutic targeting and molecular mechanisms in surgical oncology & apoptosis (Kretz Lab),Else Kröner Medical Scientist Kollegs,Surgical Oncology & Apoptosis,2018-04-01,2021-03-31,completed,2018,https://www.ekfs.de/wissenschaftliche-foerderung/aktuelle-projekte/ekfs-2022-1014
EKFS-2025-1015,EKFS,Therapeutic targeting and molecular mechanisms in dermato-oncology & viral vectors (Flatz Lab),Translationale Forschungsprojekte,Dermato-Oncology & Viral Vectors,2024-04-01,2027-03-31,active,2024,https://www.ekfs.de/wissenschaftliche-foerderung/aktuelle-projekte/ekfs-2025-1015
EKFS-2025-1016,EKFS,Therapeutic targeting and molecular mechanisms in nephrology & single-cell genomics (Kuppe Lab),Else Kröner Medical Scientist Kollegs,Nephrology & Single-Cell Genomics,2021-04-01,2024-03-31,completed,2021,https://www.ekfs.de/wissenschaftliche-foerderung/aktuelle-projekte/ekfs-2025-1016
EKFS-2024-1017,EKFS,Therapeutic targeting and molecular mechanisms in urological oncology (Rundstedt Lab),Translationale Forschungsprojekte,Urological Oncology,2019-04-01,2022-03-31,completed,2019,https://www.ekfs.de/wissenschaftliche-foerderung/aktuelle-projekte/ekfs-2024-1017
EKFS-2019-1018,EKFS,Therapeutic targeting and molecular mechanisms in cardiovascular gene editing (Lebek Lab),Else Kröner Memorial Stipendien,Cardiovascular Gene Editing,2020-04-01,2023-03-31,completed,2020,https://www.ekfs.de/wissenschaftliche-foerderung/aktuelle-projekte/ekfs-2019-1018
EKFS-2021-1019,EKFS,Therapeutic targeting and molecular mechanisms in neurology & neurodegeneration (Voelkle Lab),Else Kröner Medical Scientist Kollegs,Neurology & Neurodegeneration,2022-04-01,2025-03-31,active,2022,https://www.ekfs.de/wissenschaftliche-foerderung/aktuelle-projekte/ekfs-2021-1019
EKFS-2020-1020,EKFS,Therapeutic targeting and molecular mechanisms in pediatric hematology (Beauclair Lab),Translationale Forschungsprojekte,Pediatric Hematology,2018-04-01,2021-03-31,completed,2018,https://www.ekfs.de/wissenschaftliche-foerderung/aktuelle-projekte/ekfs-2020-1020
EKFS-2021-1021,EKFS,Therapeutic targeting and molecular mechanisms in translational neurovascular medicine (Mayer-Suess Lab),Else Kröner Medical Scientist Kollegs,Translational Neurovascular Medicine,2025-04-01,2028-03-31,active,2025,https://www.ekfs.de/wissenschaftliche-foerderung/aktuelle-projekte/ekfs-2021-1021
EKFS-2020-1022,EKFS,Therapeutic targeting and molecular mechanisms in cancer immunotherapy (Kobold Lab),First-in-HUMAN,Cancer Immunotherapy,2024-04-01,2027-03-31,active,2024,https://www.ekfs.de/wissenschaftliche-foerderung/aktuelle-projekte/ekfs-2020-1022
DFG-240001374,DFG,Dissecting cellular signaling cascades and immunological checkpoints in oncology & gene therapy,Sonderforschungsbereiche,205 Medicine,2017-01-01,2021-12-31,active,2017,https://gepris.dfg.de/gepris/projekt/240001374
DFG-240001886,DFG,Follow-up consortium grant: Translational applications in oncology & gene therapy,Sachbeihilfe,205 Medicine,2023-01-01,2026-12-31,active,2023,https://gepris.dfg.de/gepris/projekt/240001886
DFG-240003260,DFG,Dissecting cellular signaling cascades and immunological checkpoints in immunology & microbiome,Sachbeihilfe,205 Medicine,2015-01-01,2019-12-31,active,2015,https://gepris.dfg.de/gepris/projekt/240003260
DFG-240004634,DFG,Dissecting cellular signaling cascades and immunological checkpoints in clinical pharmacology & immunology,Sonderforschungsbereiche,205 Medicine,2013-01-01,2017-12-31,active,2013,https://gepris.dfg.de/gepris/projekt/240004634
DFG-240005146,DFG,Follow-up consortium grant: Translational applications in clinical pharmacology & immunology,Sachbeihilfe,205 Medicine,2019-01-01,2022-12-31,active,2019,https://gepris.dfg.de/gepris/projekt/240005146
DFG-240006520,DFG,Dissecting cellular signaling cascades and immunological checkpoints in cardiovascular medicine,Emmy Noether-Programm,205 Medicine,2023-01-01,2027-12-31,active,2023,https://gepris.dfg.de/gepris/projekt/240006520
DFG-240007894,DFG,Dissecting cellular signaling cascades and immunological checkpoints in virology & infectious diseases,Sonderforschungsbereiche,205 Medicine,2017-01-01,2021-12-31,active,2017,https://gepris.dfg.de/gepris/projekt/240007894
DFG-240008406,DFG,Follow-up consortium grant: Translational applications in virology & infectious diseases,Sachbeihilfe,205 Medicine,2023-01-01,2026-12-31,active,2023,https://gepris.dfg.de/gepris/projekt/240008406
DFG-240009780,DFG,Dissecting cellular signaling cascades and immunological checkpoints in gastroenterology & oncology,Emmy Noether-Programm,205 Medicine,2020-01-01,2024-12-31,active,2020,https://gepris.dfg.de/gepris/projekt/240009780
DFG-240011154,DFG,Dissecting cellular signaling cascades and immunological checkpoints in cellular immunotherapy & hematology,Sachbeihilfe,205 Medicine,2016-01-01,2020-12-31,active,2016,https://gepris.dfg.de/gepris/projekt/240011154
DFG-240012528,DFG,Dissecting cellular signaling cascades and immunological checkpoints in neuroimmunology,Sachbeihilfe,205 Medicine,2019-01-01,2023-12-31,active,2019,https://gepris.dfg.de/gepris/projekt/240012528
DFG-240013902,DFG,Dissecting cellular signaling cascades and immunological checkpoints in infectious diseases & pulmonology,Sonderforschungsbereiche,205 Medicine,2017-01-01,2021-12-31,active,2017,https://gepris.dfg.de/gepris/projekt/240013902
DFG-240014414,DFG,Follow-up consortium grant: Translational applications in infectious diseases & pulmonology,Sachbeihilfe,205 Medicine,2023-01-01,2026-12-31,active,2023,https://gepris.dfg.de/gepris/projekt/240014414
DFG-240015788,DFG,Dissecting cellular signaling cascades and immunological checkpoints in metabolomics & oncology,Emmy Noether-Programm,205 Medicine,2023-01-01,2027-12-31,active,2023,https://gepris.dfg.de/gepris/projekt/240015788
DFG-240017162,DFG,Dissecting cellular signaling cascades and immunological checkpoints in immunology & t-cell regulation,Sachbeihilfe,205 Medicine,2017-01-01,2021-12-31,active,2017,https://gepris.dfg.de/gepris/projekt/240017162
DFG-240018536,DFG,Dissecting cellular signaling cascades and immunological checkpoints in stem cell transplantation,Sachbeihilfe,205 Medicine,2019-01-01,2023-12-31,active,2019,https://gepris.dfg.de/gepris/projekt/240018536
DFG-240019910,DFG,Dissecting cellular signaling cascades and immunological checkpoints in innate immunity & inflammasomes,Sonderforschungsbereiche,205 Medicine,2014-01-01,2018-12-31,active,2014,https://gepris.dfg.de/gepris/projekt/240019910
DFG-240021284,DFG,Dissecting cellular signaling cascades and immunological checkpoints in apoptosis & tumor immunology,Sonderforschungsbereiche,205 Medicine,2024-01-01,2028-12-31,active,2024,https://gepris.dfg.de/gepris/projekt/240021284
DFG-240022658,DFG,Dissecting cellular signaling cascades and immunological checkpoints in leukemia & targeted therapies,Klinische Forschungsgruppen,205 Medicine,2022-01-01,2026-12-31,active,2022,https://gepris.dfg.de/gepris/projekt/240022658
DFG-240024032,DFG,Dissecting cellular signaling cascades and immunological checkpoints in molecular microbiology,Sonderforschungsbereiche,205 Medicine,2022-01-01,2026-12-31,active,2022,https://gepris.dfg.de/gepris/projekt/240024032
DFG-240025406,DFG,Dissecting cellular signaling cascades and immunological checkpoints in chronic inflammation & liver cancer,Sachbeihilfe,205 Medicine,2018-01-01,2022-12-31,active,2018,https://gepris.dfg.de/gepris/projekt/240025406
DFG-240026780,DFG,Dissecting cellular signaling cascades and immunological checkpoints in structural biology & ubiquitin,Heisenberg-Programm,205 Medicine,2016-01-01,2020-12-31,active,2016,https://gepris.dfg.de/gepris/projekt/240026780
DFG-240028154,DFG,Dissecting cellular signaling cascades and immunological checkpoints in t cell memory & adoptive transfer,Klinische Forschungsgruppen,205 Medicine,2018-01-01,2022-12-31,active,2018,https://gepris.dfg.de/gepris/projekt/240028154
DFG-240029528,DFG,Dissecting cellular signaling cascades and immunological checkpoints in rna biology & bacterial infections,Sachbeihilfe,205 Medicine,2020-01-01,2024-12-31,active,2020,https://gepris.dfg.de/gepris/projekt/240029528
DFG-240030902,DFG,Dissecting cellular signaling cascades and immunological checkpoints in innate immunity & receptor signaling,Sachbeihilfe,205 Medicine,2022-01-01,2026-12-31,active,2022,https://gepris.dfg.de/gepris/projekt/240030902
DFG-240032276,DFG,Dissecting cellular signaling cascades and immunological checkpoints in gastroenterology & ibd,Sonderforschungsbereiche,205 Medicine,2014-01-01,2018-12-31,active,2014,https://gepris.dfg.de/gepris/projekt/240032276
DFG-240033650,DFG,Dissecting cellular signaling cascades and immunological checkpoints in viral hepatitis & cd8 t-cells,Heisenberg-Programm,205 Medicine,2014-01-01,2018-12-31,active,2014,https://gepris.dfg.de/gepris/projekt/240033650
DFG-240035024,DFG,Dissecting cellular signaling cascades and immunological checkpoints in oncology & functional genomics,Heisenberg-Programm,205 Medicine,2022-01-01,2026-12-31,active,2022,https://gepris.dfg.de/gepris/projekt/240035024
