project_id,researcher_id,role
EKFS-2023-1001,RES_A5012345678,Principal Investigator / Lead
EKFS-2022-1002,RES_A5012345679,Principal Investigator / Lead
EKFS-2019-1003,RES_A5012345680,Principal Investigator / Lead
EKFS-2025-1004,RES_A5012345681,Principal Investigator / Lead
EKFS-2018-1005,RES_A5012345682,Principal Investigator / Lead
EKFS-2022-1006,RES_A5012345683,Principal Investigator / Lead
EKFS-2023-1007,RES_A5012345684,Principal Investigator / Lead
EKFS-2019-1008,RES_A5012345685,Principal Investigator / Lead
EKFS-2020-1009,RES_A5012345686,Principal Investigator / Lead
EKFS-2024-1010,RES_A5012345687,Principal Investigator / Lead
EKFS-2023-1011,RES_A5012345688,Principal Investigator / Lead
EKFS-2017-1012,RES_A5012345689,Principal Investigator / Lead
EKFS-2022-1013,RES_A5012345690,Principal Investigator / Lead
EKFS-2022-1014,RES_A5012345691,Principal Investigator / Lead
EKFS-2025-1015,RES_A5012345692,Principal Investigator / Lead
EKFS-2025-1016,RES_A5012345693,Principal Investigator / Lead
EKFS-2024-1017,RES_A5012345694,Principal Investigator / Lead
EKFS-2019-1018,RES_A5012345695,Principal Investigator / Lead
EKFS-2021-1019,RES_A5012345696,Principal Investigator / Lead
EKFS-2020-1020,RES_A5012345697,Principal Investigator / Lead
EKFS-2021-1021,RES_A5012345698,Principal Investigator / Lead
EKFS-2020-1022,RES_A5012345699,Principal Investigator / Lead
DFG-240001374,RES_A5012345678,Principal Investigator / Lead
DFG-240001886,RES_A5012345678,Principal Investigator / Lead
DFG-240003260,RES_A5012345679,Principal Investigator / Lead
DFG-240004634,RES_A5012345680,Principal Investigator / Lead
DFG-240005146,RES_A5012345680,Principal Investigator / Lead
DFG-240006520,RES_A5012345681,Principal Investigator / Lead
DFG-240007894,RES_A5012345682,Principal Investigator / Lead
DFG-240008406,RES_A5012345682,Principal Investigator / Lead
DFG-240009780,RES_A5012345683,Principal Investigator / Lead
DFG-240011154,RES_A5012345684,Principal Investigator / Lead
DFG-240012528,RES_A5012345685,Principal Investigator / Lead
DFG-240013902,RES_A5012345686,Principal Investigator / Lead
DFG-240014414,RES_A5012345686,Principal Investigator / Lead
DFG-240015788,RES_A5012345687,Principal Investigator / Lead
DFG-240017162,RES_A5012345688,Principal Investigator / Lead
DFG-240018536,RES_A5012345689,Principal Investigator / Lead
DFG-240019910,RES_A5012345700,Principal Investigator / Lead
DFG-240021284,RES_A5012345701,Principal Investigator / Lead
DFG-240022658,RES_A5012345702,Principal Investigator / Lead
DFG-240024032,RES_A5012345703,Principal Investigator / Lead
DFG-240025406,RES_A5012345704,Principal Investigator / Lead
DFG-240026780,RES_A5012345705,Principal Investigator / Lead
DFG-240028154,RES_A5012345706,Principal Investigator / Lead
DFG-240029528,RES_A5012345707,Principal Investigator / Lead
DFG-240030902,RES_A5012345708,Principal Investigator / Lead
DFG-240032276,RES_A5012345709,Principal Investigator / Lead
DFG-240033650,RES_A5012345710,Principal Investigator / Lead
DFG-240035024,RES_A5012345711,Principal Investigator / Lead
