work_id,researcher_id,authorship_position
W100000001,RES_A5012345678,first
W100000001,RES_A5012345686,last
W100000002,RES_A5012345678,first
W100000002,RES_A5012345694,last
W100000003,RES_A5012345678,first
W100000003,RES_A5012345696,last
W100000004,RES_A5012345678,middle
W100000004,RES_A5012345696,middle
W100000005,RES_A5012345678,first
W100000005,RES_A5012345696,last
W100000006,RES_A5012345678,middle
W100000006,RES_A5012345696,middle
W100000007,RES_A5012345678,first
W100000007,RES_A5012345696,last
W100000008,RES_A5012345678,first
W100000008,RES_A5012345709,last
W100000009,RES_A5012345678,middle
W100000009,RES_A5012345709,middle
W100000010,RES_A5012345678,first
W100000010,RES_A5012345709,last
W100000011,RES_A5012345678,middle
W100000011,RES_A5012345709,middle
W100000012,RES_A5012345678,first
W100000012,RES_A5012345709,last
W100000013,RES_A5012345678,middle
W100000013,RES_A5012345709,middle
W100000014,RES_A5012345679,first
W100000014,RES_A5012345684,last
W100000015,RES_A5012345679,middle
W100000015,RES_A5012345684,middle
W100000016,RES_A5012345679,first
W100000016,RES_A5012345684,last
W100000017,RES_A5012345679,middle
W100000017,RES_A5012345684,middle
W100000018,RES_A5012345679,first
W100000018,RES_A5012345684,last
W100000019,RES_A5012345679,first
W100000019,RES_A5012345701,last
W100000020,RES_A5012345679,first
W100000020,RES_A5012345711,last
W100000021,RES_A5012345680,first
W100000021,RES_A5012345698,last
W100000022,RES_A5012345680,first
W100000022,RES_A5012345699,last
W100000023,RES_A5012345680,middle
W100000023,RES_A5012345699,middle
W100000024,RES_A5012345680,first
W100000024,RES_A5012345699,last
W100000025,RES_A5012345680,middle
W100000025,RES_A5012345699,middle
W100000026,RES_A5012345680,first
W100000026,RES_A5012345704,last
W100000027,RES_A5012345680,middle
W100000027,RES_A5012345704,middle
W100000028,RES_A5012345680,first
W100000028,RES_A5012345704,last
W100000029,RES_A5012345680,middle
W100000029,RES_A5012345704,middle
W100000030,RES_A5012345681,first
W100000030,RES_A5012345682,last
W100000031,RES_A5012345681,middle
W100000031,RES_A5012345682,middle
W100000032,RES_A5012345681,first
W100000032,RES_A5012345682,last
W100000033,RES_A5012345681,middle
W100000033,RES_A5012345682,middle
W100000034,RES_A5012345681,first
W100000034,RES_A5012345682,last
W100000035,RES_A5012345681,first
W100000035,RES_A5012345683,last
W100000036,RES_A5012345681,middle
W100000036,RES_A5012345683,middle
W100000037,RES_A5012345681,first
W100000037,RES_A5012345683,last
W100000038,RES_A5012345681,middle
W100000038,RES_A5012345683,middle
W100000039,RES_A5012345681,first
W100000039,RES_A5012345683,last
W100000040,RES_A5012345682,first
W100000040,RES_A5012345695,last
W100000041,RES_A5012345682,middle
W100000041,RES_A5012345695,middle
W100000042,RES_A5012345682,first
W100000042,RES_A5012345695,last
W100000043,RES_A5012345682,middle
W100000043,RES_A5012345695,middle
W100000044,RES_A5012345683,first
W100000044,RES_A5012345697,last
W100000045,RES_A5012345684,first
W100000045,RES_A5012345694,last
W100000046,RES_A5012345684,middle
W100000046,RES_A5012345694,middle
W100000047,RES_A5012345684,first
W100000047,RES_A5012345694,last
W100000048,RES_A5012345684,middle
W100000048,RES_A5012345694,middle
W100000049,RES_A5012345684,first
W100000049,RES_A5012345694,last
W100000050,RES_A5012345684,first
W100000050,RES_A5012345695,last
W100000051,RES_A5012345684,middle
W100000051,RES_A5012345695,middle
W100000052,RES_A5012345684,first
W100000052,RES_A5012345697,last
W100000053,RES_A5012345684,middle
W100000053,RES_A5012345697,middle
W100000054,RES_A5012345684,first
W100000054,RES_A5012345699,last
W100000055,RES_A5012345684,first
W100000055,RES_A5012345700,last
W100000056,RES_A5012345684,middle
W100000056,RES_A5012345700,middle
W100000057,RES_A5012345684,first
W100000057,RES_A5012345700,last
W100000058,RES_A5012345684,middle
W100000058,RES_A5012345700,middle
W100000059,RES_A5012345684,first
W100000059,RES_A5012345700,last
W100000060,RES_A5012345685,first
W100000060,RES_A5012345691,last
W100000061,RES_A5012345685,first
W100000061,RES_A5012345696,last
W100000062,RES_A5012345685,middle
W100000062,RES_A5012345696,middle
W100000063,RES_A5012345685,first
W100000063,RES_A5012345696,last
W100000064,RES_A5012345685,middle
W100000064,RES_A5012345696,middle
W100000065,RES_A5012345685,first
W100000065,RES_A5012345696,last
W100000066,RES_A5012345686,first
W100000066,RES_A5012345707,last
W100000067,RES_A5012345686,middle
W100000067,RES_A5012345707,middle
W100000068,RES_A5012345686,first
W100000068,RES_A5012345707,last
W100000069,RES_A5012345686,middle
W100000069,RES_A5012345707,middle
W100000070,RES_A5012345686,first
W100000070,RES_A5012345707,last
W100000071,RES_A5012345686,first
W100000071,RES_A5012345709,last
W100000072,RES_A5012345687,first
W100000072,RES_A5012345705,last
W100000073,RES_A5012345687,middle
W100000073,RES_A5012345705,middle
W100000074,RES_A5012345687,first
W100000074,RES_A5012345705,last
W100000075,RES_A5012345687,middle
W100000075,RES_A5012345705,middle
W100000076,RES_A5012345687,first
W100000076,RES_A5012345705,last
W100000077,RES_A5012345689,first
W100000077,RES_A5012345695,last
W100000078,RES_A5012345689,middle
W100000078,RES_A5012345695,middle
W100000079,RES_A5012345689,first
W100000079,RES_A5012345695,last
W100000080,RES_A5012345689,middle
W100000080,RES_A5012345695,middle
W100000081,RES_A5012345689,first
W100000081,RES_A5012345697,last
W100000082,RES_A5012345689,middle
W100000082,RES_A5012345697,middle
W100000083,RES_A5012345690,first
W100000083,RES_A5012345692,last
W100000084,RES_A5012345690,middle
W100000084,RES_A5012345692,middle
W100000085,RES_A5012345690,first
W100000085,RES_A5012345692,last
W100000086,RES_A5012345690,first
W100000086,RES_A5012345694,last
W100000087,RES_A5012345690,first
W100000087,RES_A5012345703,last
W100000088,RES_A5012345690,middle
W100000088,RES_A5012345703,middle
W100000089,RES_A5012345690,first
W100000089,RES_A5012345703,last
W100000090,RES_A5012345690,middle
W100000090,RES_A5012345703,middle
W100000091,RES_A5012345690,first
W100000091,RES_A5012345703,last
W100000092,RES_A5012345690,middle
W100000092,RES_A5012345703,middle
W100000093,RES_A5012345691,first
W100000093,RES_A5012345693,last
W100000094,RES_A5012345691,middle
W100000094,RES_A5012345693,middle
W100000095,RES_A5012345691,first
W100000095,RES_A5012345693,last
W100000096,RES_A5012345691,middle
W100000096,RES_A5012345693,middle
W100000097,RES_A5012345691,first
W100000097,RES_A5012345693,last
W100000098,RES_A5012345691,middle
W100000098,RES_A5012345693,middle
W100000099,RES_A5012345692,first
W100000099,RES_A5012345711,last
W100000100,RES_A5012345692,middle
W100000100,RES_A5012345711,middle
W100000101,RES_A5012345693,first
W100000101,RES_A5012345702,last
W100000102,RES_A5012345693,middle
W100000102,RES_A5012345702,middle
W100000103,RES_A5012345693,first
W100000103,RES_A5012345702,last
W100000104,RES_A5012345693,first
W100000104,RES_A5012345709,last
W100000105,RES_A5012345693,middle
W100000105,RES_A5012345709,middle
W100000106,RES_A5012345693,first
W100000106,RES_A5012345709,last
W100000107,RES_A5012345693,middle
W100000107,RES_A5012345709,middle
W100000108,RES_A5012345694,first
W100000108,RES_A5012345704,last
W100000109,RES_A5012345694,first
W100000109,RES_A5012345705,last
W100000110,RES_A5012345695,first
W100000110,RES_A5012345699,last
W100000111,RES_A5012345695,middle
W100000111,RES_A5012345699,middle
W100000112,RES_A5012345695,first
W100000112,RES_A5012345699,last
W100000113,RES_A5012345695,middle
W100000113,RES_A5012345699,middle
W100000114,RES_A5012345696,first
W100000114,RES_A5012345698,last
W100000115,RES_A5012345696,middle
W100000115,RES_A5012345698,middle
W100000116,RES_A5012345696,first
W100000116,RES_A5012345698,last
W100000117,RES_A5012345696,middle
W100000117,RES_A5012345698,middle
W100000118,RES_A5012345696,first
W100000118,RES_A5012345708,last
W100000119,RES_A5012345696,middle
W100000119,RES_A5012345708,middle
W100000120,RES_A5012345696,first
W100000120,RES_A5012345709,last
W100000121,RES_A5012345696,middle
W100000121,RES_A5012345709,middle
W100000122,RES_A5012345698,first
W100000122,RES_A5012345699,last
W100000123,RES_A5012345698,middle
W100000123,RES_A5012345699,middle
W100000124,RES_A5012345698,first
W100000124,RES_A5012345699,last
W100000125,RES_A5012345698,middle
W100000125,RES_A5012345699,middle
W100000126,RES_A5012345699,first
W100000126,RES_A5012345700,last
W100000127,RES_A5012345699,middle
W100000127,RES_A5012345700,middle
W100000128,RES_A5012345699,first
W100000128,RES_A5012345700,last
W100000129,RES_A5012345699,first
W100000129,RES_A5012345705,last
W100000130,RES_A5012345699,middle
W100000130,RES_A5012345705,middle
W100000131,RES_A5012345699,first
W100000131,RES_A5012345705,last
W100000132,RES_A5012345699,middle
W100000132,RES_A5012345705,middle
W100000133,RES_A5012345701,first
W100000133,RES_A5012345704,last
W100000134,RES_A5012345703,first
W100000134,RES_A5012345707,last
W100000135,RES_A5012345703,middle
W100000135,RES_A5012345707,middle
W100000136,RES_A5012345703,first
W100000136,RES_A5012345707,last
W100000137,RES_A5012345703,middle
W100000137,RES_A5012345707,middle
W100000138,RES_A5012345703,first
W100000138,RES_A5012345707,last
W100000139,RES_A5012345703,middle
W100000139,RES_A5012345707,middle
W100000140,RES_A5012345707,first
W100000140,RES_A5012345709,last
W100000141,RES_A5012345707,middle
W100000141,RES_A5012345709,middle
W100000142,RES_A5012345707,first
W100000142,RES_A5012345709,last
W100000143,RES_A5012345707,middle
W100000143,RES_A5012345709,middle
W100000144,RES_A5012345708,first
W100000144,RES_A5012345709,last
W100000145,RES_A5012345708,middle
W100000145,RES_A5012345709,middle
W100000146,RES_A5012345708,first
W100000146,RES_A5012345709,last
W100000147,RES_A5012345708,middle
W100000147,RES_A5012345709,middle
W100000148,RES_A5012345678,last
W100000149,RES_A5012345678,last
W100000150,RES_A5012345678,last
W100000151,RES_A5012345678,last
W100000152,RES_A5012345678,last
W100000153,RES_A5012345678,last
W100000154,RES_A5012345678,last
W100000155,RES_A5012345678,last
W100000156,RES_A5012345679,last
W100000157,RES_A5012345679,last
W100000158,RES_A5012345679,last
W100000159,RES_A5012345679,last
W100000160,RES_A5012345679,last
W100000161,RES_A5012345679,last
W100000162,RES_A5012345679,last
W100000163,RES_A5012345679,last
W100000164,RES_A5012345680,last
W100000165,RES_A5012345680,last
W100000166,RES_A5012345680,last
W100000167,RES_A5012345680,last
W100000168,RES_A5012345681,last
W100000169,RES_A5012345681,last
W100000170,RES_A5012345681,last
W100000171,RES_A5012345681,last
W100000172,RES_A5012345681,last
W100000173,RES_A5012345681,last
W100000174,RES_A5012345682,last
W100000175,RES_A5012345682,last
W100000176,RES_A5012345682,last
W100000177,RES_A5012345682,last
W100000178,RES_A5012345682,last
W100000179,RES_A5012345682,last
W100000180,RES_A5012345682,last
W100000181,RES_A5012345683,last
W100000182,RES_A5012345683,last
W100000183,RES_A5012345683,last
W100000184,RES_A5012345683,last
W100000185,RES_A5012345684,last
W100000186,RES_A5012345684,last
W100000187,RES_A5012345684,last
W100000188,RES_A5012345684,last
W100000189,RES_A5012345684,last
W100000190,RES_A5012345684,last
W100000191,RES_A5012345685,last
W100000192,RES_A5012345685,last
W100000193,RES_A5012345685,last
W100000194,RES_A5012345685,last
W100000195,RES_A5012345686,last
W100000196,RES_A5012345686,last
W100000197,RES_A5012345686,last
W100000198,RES_A5012345686,last
W100000199,RES_A5012345686,last
W100000200,RES_A5012345686,last
W100000201,RES_A5012345686,last
W100000202,RES_A5012345686,last
W100000203,RES_A5012345687,last
W100000204,RES_A5012345687,last
W100000205,RES_A5012345687,last
W100000206,RES_A5012345687,last
W100000207,RES_A5012345687,last
W100000208,RES_A5012345687,last
W100000209,RES_A5012345687,last
W100000210,RES_A5012345687,last
W100000211,RES_A5012345688,last
W100000212,RES_A5012345688,last
W100000213,RES_A5012345688,last
W100000214,RES_A5012345689,last
W100000215,RES_A5012345689,last
W100000216,RES_A5012345689,last
W100000217,RES_A5012345689,last
W100000218,RES_A5012345689,last
W100000219,RES_A5012345689,last
W100000220,RES_A5012345690,last
W100000221,RES_A5012345690,last
W100000222,RES_A5012345690,last
W100000223,RES_A5012345690,last
W100000224,RES_A5012345690,last
W100000225,RES_A5012345690,last
W100000226,RES_A5012345690,last
W100000227,RES_A5012345690,last
W100000228,RES_A5012345691,last
W100000229,RES_A5012345691,last
W100000230,RES_A5012345691,last
W100000231,RES_A5012345691,last
W100000232,RES_A5012345691,last
W100000233,RES_A5012345692,last
W100000234,RES_A5012345692,last
W100000235,RES_A5012345692,last
W100000236,RES_A5012345692,last
W100000237,RES_A5012345692,last
W100000238,RES_A5012345692,last
W100000239,RES_A5012345692,last
W100000240,RES_A5012345692,last
W100000241,RES_A5012345693,last
W100000242,RES_A5012345693,last
W100000243,RES_A5012345693,last
W100000244,RES_A5012345693,last
W100000245,RES_A5012345693,last
W100000246,RES_A5012345693,last
W100000247,RES_A5012345693,last
W100000248,RES_A5012345694,last
W100000249,RES_A5012345694,last
W100000250,RES_A5012345694,last
W100000251,RES_A5012345694,last
W100000252,RES_A5012345694,last
W100000253,RES_A5012345695,last
W100000254,RES_A5012345695,last
W100000255,RES_A5012345695,last
W100000256,RES_A5012345695,last
W100000257,RES_A5012345696,last
W100000258,RES_A5012345696,last
W100000259,RES_A5012345696,last
W100000260,RES_A5012345697,last
W100000261,RES_A5012345697,last
W100000262,RES_A5012345697,last
W100000263,RES_A5012345697,last
W100000264,RES_A5012345698,last
W100000265,RES_A5012345698,last
W100000266,RES_A5012345698,last
W100000267,RES_A5012345698,last
W100000268,RES_A5012345698,last
W100000269,RES_A5012345698,last
W100000270,RES_A5012345698,last
W100000271,RES_A5012345698,last
W100000272,RES_A5012345699,last
W100000273,RES_A5012345699,last
W100000274,RES_A5012345699,last
W100000275,RES_A5012345699,last
W100000276,RES_A5012345700,last
W100000277,RES_A5012345700,last
W100000278,RES_A5012345700,last
W100000279,RES_A5012345700,last
W100000280,RES_A5012345700,last
W100000281,RES_A5012345700,last
W100000282,RES_A5012345701,last
W100000283,RES_A5012345701,last
W100000284,RES_A5012345701,last
W100000285,RES_A5012345701,last
W100000286,RES_A5012345701,last
W100000287,RES_A5012345701,last
W100000288,RES_A5012345701,last
W100000289,RES_A5012345702,last
W100000290,RES_A5012345702,last
W100000291,RES_A5012345702,last
W100000292,RES_A5012345702,last
W100000293,RES_A5012345702,last
W100000294,RES_A5012345703,last
W100000295,RES_A5012345703,last
W100000296,RES_A5012345703,last
W100000297,RES_A5012345704,last
W100000298,RES_A5012345704,last
W100000299,RES_A5012345704,last
W100000300,RES_A5012345704,last
W100000301,RES_A5012345704,last
W100000302,RES_A5012345704,last
W100000303,RES_A5012345705,last
W100000304,RES_A5012345705,last
W100000305,RES_A5012345705,last
W100000306,RES_A5012345705,last
W100000307,RES_A5012345705,last
W100000308,RES_A5012345705,last
W100000309,RES_A5012345705,last
W100000310,RES_A5012345705,last
W100000311,RES_A5012345706,last
W100000312,RES_A5012345706,last
W100000313,RES_A5012345706,last
W100000314,RES_A5012345706,last
W100000315,RES_A5012345706,last
W100000316,RES_A5012345706,last
W100000317,RES_A5012345707,last
W100000318,RES_A5012345707,last
W100000319,RES_A5012345707,last
W100000320,RES_A5012345707,last
W100000321,RES_A5012345707,last
W100000322,RES_A5012345707,last
W100000323,RES_A5012345707,last
W100000324,RES_A5012345707,last
W100000325,RES_A5012345708,last
W100000326,RES_A5012345708,last
W100000327,RES_A5012345708,last
W100000328,RES_A5012345708,last
W100000329,RES_A5012345708,last
W100000330,RES_A5012345709,last
W100000331,RES_A5012345709,last
W100000332,RES_A5012345709,last
W100000333,RES_A5012345709,last
W100000334,RES_A5012345709,last
W100000335,RES_A5012345709,last
W100000336,RES_A5012345709,last
W100000337,RES_A5012345709,last
W100000338,RES_A5012345710,last
W100000339,RES_A5012345710,last
W100000340,RES_A5012345710,last
W100000341,RES_A5012345710,last
W100000342,RES_A5012345710,last
W100000343,RES_A5012345710,last
W100000344,RES_A5012345710,last
W100000345,RES_A5012345710,last
W100000346,RES_A5012345711,last
W100000347,RES_A5012345711,last
W100000348,RES_A5012345711,last
W100000349,RES_A5012345711,last
