community,researcher,researcher_id,funder_membership,institution,degree,weighted_degree,betweenness,strongest_collaborator
1,Britta Siegmund,RES_A5012345709,DFG only,Charité - Universitätsmedizin Berlin,6,21.0,0.15246,Christian von Kalle
1,Hannah Voelkle,RES_A5012345696,EKFS only,Charité - Universitätsmedizin Berlin,5,18.0,0.15767,Christian von Kalle
1,Jörg Vogel,RES_A5012345707,DFG only,Universitätsmedizin Göttingen,3,15.0,0.08428,Sonja-Verena Albers
2,Tobias Bopp,RES_A5012345688,both,Universitätsklinikum Frankfurt,0,0.0,0.0,
3,Sebastian Kobold,RES_A5012345699,EKFS only,LMU Klinikum München,6,20.0,0.20218,Stefan Endres
3,Marion Subklewe,RES_A5012345684,both,LMU Klinikum München,6,20.0,0.07434,Julia-Stefanie Frick
3,Simon Lebek,RES_A5012345695,EKFS only,"Klinikum rechts der Isar, TU München",4,14.0,0.10985,Sandra Ciesek
4,Dirk Busch,RES_A5012345706,DFG only,"Klinikum rechts der Isar, TU München",0,0.0,0.0,
5,Robert Thimme,RES_A5012345710,DFG only,Universitätsklinikum Freiburg,0,0.0,0.0,
