topic,ekfs_projects,dfg_projects,total_projects,ekfs_share,dfg_share,funder_ratio,predominant_funder
205 Medicine,0,28,28,0.0,1.0,0.0,DFG Enriched
Cancer Immunotherapy,1,0,1,0.0455,0.0,455.55,EKFS Enriched
Cardiovascular Gene Editing,1,0,1,0.0455,0.0,455.55,EKFS Enriched
Cardiovascular Medicine,1,0,1,0.0455,0.0,455.55,EKFS Enriched
Cellular Immunotherapy & Hematology,1,0,1,0.0455,0.0,455.55,EKFS Enriched
Clinical Pharmacology & Immunology,1,0,1,0.0455,0.0,455.55,EKFS Enriched
Dermato-Oncology & Viral Vectors,1,0,1,0.0455,0.0,455.55,EKFS Enriched
Gastroenterology & Oncology,1,0,1,0.0455,0.0,455.55,EKFS Enriched
Immunology & Microbiome,1,0,1,0.0455,0.0,455.55,EKFS Enriched
Immunology & T-Cell Regulation,1,0,1,0.0455,0.0,455.55,EKFS Enriched
Infectious Diseases & Pulmonology,1,0,1,0.0455,0.0,455.55,EKFS Enriched
Metabolomics & Oncology,1,0,1,0.0455,0.0,455.55,EKFS Enriched
Multiple Myeloma & Oncology,1,0,1,0.0455,0.0,455.55,EKFS Enriched
Nephrology & Single-Cell Genomics,1,0,1,0.0455,0.0,455.55,EKFS Enriched
Neuroimmunology,1,0,1,0.0455,0.0,455.55,EKFS Enriched
Neurology & Neurodegeneration,1,0,1,0.0455,0.0,455.55,EKFS Enriched
Oncology & Gene Therapy,1,0,1,0.0455,0.0,455.55,EKFS Enriched
Pediatric Hematology,1,0,1,0.0455,0.0,455.55,EKFS Enriched
Stem Cell Transplantation,1,0,1,0.0455,0.0,455.55,EKFS Enriched
Surgical Oncology & Apoptosis,1,0,1,0.0455,0.0,455.55,EKFS Enriched
Translational Neurovascular Medicine,1,0,1,0.0455,0.0,455.55,EKFS Enriched
Urological Oncology,1,0,1,0.0455,0.0,455.55,EKFS Enriched
Virology & Infectious Diseases,1,0,1,0.0455,0.0,455.55,EKFS Enriched
