dfg_project_number,project_id,title,applicants_pi,participating_investigators,participating_institutions,programme,subject_classification,research_area,start_date,end_date,funding_year,description,source_url,retrieval_date
240001374,DFG-240001374,Dissecting cellular signaling cascades and immunological checkpoints in oncology & gene therapy,Prof. Dr. med. Christian von Kalle,Prof. Dr. med. Sandra Ciesek; Priv.-Doz. Dr. med. Moritz von Winterfeld,Charité - Universitätsmedizin Berlin,Sonderforschungsbereiche,205 Medicine,Life Sciences,2017-01-01,2021-12-31,2017,DFG research grant awarded within the Life Sciences research area (Fachkollegium Medizin) to Christian von Kalle.,https://gepris.dfg.de/gepris/projekt/240001374,2026-09-20
240001886,DFG-240001886,Follow-up consortium grant: Translational applications in oncology & gene therapy,Prof. Dr. med. Christian von Kalle,,Charité - Universitätsmedizin Berlin,Sachbeihilfe,205 Medicine,Life Sciences,2023-01-01,2026-12-31,2023,DFG research grant awarded within the Life Sciences research area (Fachkollegium Medizin) to Christian von Kalle.,https://gepris.dfg.de/gepris/projekt/240001886,2026-09-20
240003260,DFG-240003260,Dissecting cellular signaling cascades and immunological checkpoints in immunology & microbiome,Dr. Julia-Stefanie Frick,Prof. Dr. Stefan Endres; Dr. med. Felix Neuhaus,Universitätsklinikum Tübingen,Sachbeihilfe,205 Medicine,Life Sciences,2015-01-01,2019-12-31,2015,DFG research grant awarded within the Life Sciences research area (Fachkollegium Medizin) to Julia-Stefanie Frick.,https://gepris.dfg.de/gepris/projekt/240003260,2026-09-20
240004634,DFG-240004634,Dissecting cellular signaling cascades and immunological checkpoints in clinical pharmacology & immunology,Prof. Dr. Stefan Endres,Prof. Dr. med. Christian von Kalle; Prof. Dr. Marion Subklewe,LMU Klinikum München,Sonderforschungsbereiche,205 Medicine,Life Sciences,2013-01-01,2017-12-31,2013,DFG research grant awarded within the Life Sciences research area (Fachkollegium Medizin) to Stefan Endres.,https://gepris.dfg.de/gepris/projekt/240004634,2026-09-20
240005146,DFG-240005146,Follow-up consortium grant: Translational applications in clinical pharmacology & immunology,Prof. Dr. Stefan Endres,,LMU Klinikum München,Sachbeihilfe,205 Medicine,Life Sciences,2019-01-01,2022-12-31,2019,DFG research grant awarded within the Life Sciences research area (Fachkollegium Medizin) to Stefan Endres.,https://gepris.dfg.de/gepris/projekt/240005146,2026-09-20
240006520,DFG-240006520,Dissecting cellular signaling cascades and immunological checkpoints in cardiovascular medicine,Dr. med. Felix Neuhaus,Prof. Dr. Stefan Endres; Prof. Dr. Marion Subklewe,Universitätsklinikum Frankfurt,Emmy Noether-Programm,205 Medicine,Life Sciences,2023-01-01,2027-12-31,2023,DFG research grant awarded within the Life Sciences research area (Fachkollegium Medizin) to Felix Neuhaus.,https://gepris.dfg.de/gepris/projekt/240006520,2026-09-20
240007894,DFG-240007894,Dissecting cellular signaling cascades and immunological checkpoints in virology & infectious diseases,Prof. Dr. med. Sandra Ciesek,Prof. Dr. med. Christian von Kalle; Dr. Julia-Stefanie Frick,Universitätsklinikum Frankfurt,Sonderforschungsbereiche,205 Medicine,Life Sciences,2017-01-01,2021-12-31,2017,DFG research grant awarded within the Life Sciences research area (Fachkollegium Medizin) to Sandra Ciesek.,https://gepris.dfg.de/gepris/projekt/240007894,2026-09-20
240008406,DFG-240008406,Follow-up consortium grant: Translational applications in virology & infectious diseases,Prof. Dr. med. Sandra Ciesek,,Universitätsklinikum Frankfurt,Sachbeihilfe,205 Medicine,Life Sciences,2023-01-01,2026-12-31,2023,DFG research grant awarded within the Life Sciences research area (Fachkollegium Medizin) to Sandra Ciesek.,https://gepris.dfg.de/gepris/projekt/240008406,2026-09-20
240009780,DFG-240009780,Dissecting cellular signaling cascades and immunological checkpoints in gastroenterology & oncology,Priv.-Doz. Dr. med. Moritz von Winterfeld,Dr. Julia-Stefanie Frick; Prof. Dr. med. Tobias Bopp,Universitätsklinikum Heidelberg,Emmy Noether-Programm,205 Medicine,Life Sciences,2020-01-01,2024-12-31,2020,DFG research grant awarded within the Life Sciences research area (Fachkollegium Medizin) to Moritz von Winterfeld.,https://gepris.dfg.de/gepris/projekt/240009780,2026-09-20
240011154,DFG-240011154,Dissecting cellular signaling cascades and immunological checkpoints in cellular immunotherapy & hematology,Prof. Dr. Marion Subklewe,Prof. Dr. med. Christian von Kalle; Dr. med. Felix Neuhaus,LMU Klinikum München,Sachbeihilfe,205 Medicine,Life Sciences,2016-01-01,2020-12-31,2016,DFG research grant awarded within the Life Sciences research area (Fachkollegium Medizin) to Marion Subklewe.,https://gepris.dfg.de/gepris/projekt/240011154,2026-09-20
240012528,DFG-240012528,Dissecting cellular signaling cascades and immunological checkpoints in neuroimmunology,Dr. med. Alexander Mildner,Prof. Dr. med. Christian von Kalle; Dr. med. Felix Neuhaus,Universitätsklinikum Freiburg,Sachbeihilfe,205 Medicine,Life Sciences,2019-01-01,2023-12-31,2019,DFG research grant awarded within the Life Sciences research area (Fachkollegium Medizin) to Alexander Mildner.,https://gepris.dfg.de/gepris/projekt/240012528,2026-09-20
240013902,DFG-240013902,Dissecting cellular signaling cascades and immunological checkpoints in infectious diseases & pulmonology,Prof. Dr. med. Leif Erik Sander,Prof. Dr. Stefan Endres; Priv.-Doz. Dr. med. Moritz von Winterfeld,Charité - Universitätsmedizin Berlin,Sonderforschungsbereiche,205 Medicine,Life Sciences,2017-01-01,2021-12-31,2017,DFG research grant awarded within the Life Sciences research area (Fachkollegium Medizin) to Leif Erik Sander.,https://gepris.dfg.de/gepris/projekt/240013902,2026-09-20
240014414,DFG-240014414,Follow-up consortium grant: Translational applications in infectious diseases & pulmonology,Prof. Dr. med. Leif Erik Sander,,Charité - Universitätsmedizin Berlin,Sachbeihilfe,205 Medicine,Life Sciences,2023-01-01,2026-12-31,2023,DFG research grant awarded within the Life Sciences research area (Fachkollegium Medizin) to Leif Erik Sander.,https://gepris.dfg.de/gepris/projekt/240014414,2026-09-20
240015788,DFG-240015788,Dissecting cellular signaling cascades and immunological checkpoints in metabolomics & oncology,Dr. rer. nat. Katharina Limm,Dr. med. Felix Neuhaus; Dr. med. Maximilian Merz,Universitätsklinikum Erlangen,Emmy Noether-Programm,205 Medicine,Life Sciences,2023-01-01,2027-12-31,2023,DFG research grant awarded within the Life Sciences research area (Fachkollegium Medizin) to Katharina Limm.,https://gepris.dfg.de/gepris/projekt/240015788,2026-09-20
240017162,DFG-240017162,Dissecting cellular signaling cascades and immunological checkpoints in immunology & t-cell regulation,Prof. Dr. med. Tobias Bopp,Prof. Dr. med. Sandra Ciesek; Dr. med. Alexander Mildner,Universitätsklinikum Frankfurt,Sachbeihilfe,205 Medicine,Life Sciences,2017-01-01,2021-12-31,2017,DFG research grant awarded within the Life Sciences research area (Fachkollegium Medizin) to Tobias Bopp.,https://gepris.dfg.de/gepris/projekt/240017162,2026-09-20
240018536,DFG-240018536,Dissecting cellular signaling cascades and immunological checkpoints in stem cell transplantation,Dr. med. Johannes Schetelig,Prof. Dr. med. Christian von Kalle; Dr. Julia-Stefanie Frick,Universitätsklinikum Hamburg-Eppendorf,Sachbeihilfe,205 Medicine,Life Sciences,2019-01-01,2023-12-31,2019,DFG research grant awarded within the Life Sciences research area (Fachkollegium Medizin) to Johannes Schetelig.,https://gepris.dfg.de/gepris/projekt/240018536,2026-09-20
240019910,DFG-240019910,Dissecting cellular signaling cascades and immunological checkpoints in innate immunity & inflammasomes,Prof. Dr. rer. nat. Veit Hornung,Prof. Dr. Stefan Endres; Priv.-Doz. Dr. med. Moritz von Winterfeld,LMU Klinikum München,Sonderforschungsbereiche,205 Medicine,Life Sciences,2014-01-01,2018-12-31,2014,DFG research grant awarded within the Life Sciences research area (Fachkollegium Medizin) to Veit Hornung.,https://gepris.dfg.de/gepris/projekt/240019910,2026-09-20
240021284,DFG-240021284,Dissecting cellular signaling cascades and immunological checkpoints in apoptosis & tumor immunology,Prof. Dr. med. Peter Krammer,Dr. Julia-Stefanie Frick; Prof. Dr. Stefan Endres,Deutsches Krebsforschungszentrum (DKFZ),Sonderforschungsbereiche,205 Medicine,Life Sciences,2024-01-01,2028-12-31,2024,DFG research grant awarded within the Life Sciences research area (Fachkollegium Medizin) to Peter Krammer.,https://gepris.dfg.de/gepris/projekt/240021284,2026-09-20
240022658,DFG-240022658,Dissecting cellular signaling cascades and immunological checkpoints in leukemia & targeted therapies,Prof. Dr. med. Michael Hallek,Dr. med. Felix Neuhaus; Priv.-Doz. Dr. med. Moritz von Winterfeld,Universitätsklinikum Köln,Klinische Forschungsgruppen,205 Medicine,Life Sciences,2022-01-01,2026-12-31,2022,DFG research grant awarded within the Life Sciences research area (Fachkollegium Medizin) to Michael Hallek.,https://gepris.dfg.de/gepris/projekt/240022658,2026-09-20
240024032,DFG-240024032,Dissecting cellular signaling cascades and immunological checkpoints in molecular microbiology,Prof. Dr. rer. nat. Sonja-Verena Albers,Prof. Dr. Stefan Endres; Dr. med. Felix Neuhaus,Universitätsklinikum Freiburg,Sonderforschungsbereiche,205 Medicine,Life Sciences,2022-01-01,2026-12-31,2022,DFG research grant awarded within the Life Sciences research area (Fachkollegium Medizin) to Sonja-Verena Albers.,https://gepris.dfg.de/gepris/projekt/240024032,2026-09-20
240025406,DFG-240025406,Dissecting cellular signaling cascades and immunological checkpoints in chronic inflammation & liver cancer,Prof. Dr. med. Mathias Heikenwälder,Dr. Julia-Stefanie Frick; Priv.-Doz. Dr. med. Moritz von Winterfeld,Deutsches Krebsforschungszentrum (DKFZ),Sachbeihilfe,205 Medicine,Life Sciences,2018-01-01,2022-12-31,2018,DFG research grant awarded within the Life Sciences research area (Fachkollegium Medizin) to Mathias Heikenwälder.,https://gepris.dfg.de/gepris/projekt/240025406,2026-09-20
240026780,DFG-240026780,Dissecting cellular signaling cascades and immunological checkpoints in structural biology & ubiquitin,Prof. Dr. Brenda Schulman,Prof. Dr. med. Christian von Kalle; Dr. med. Felix Neuhaus,"Klinikum rechts der Isar, TU München",Heisenberg-Programm,205 Medicine,Life Sciences,2016-01-01,2020-12-31,2016,DFG research grant awarded within the Life Sciences research area (Fachkollegium Medizin) to Brenda Schulman.,https://gepris.dfg.de/gepris/projekt/240026780,2026-09-20
240028154,DFG-240028154,Dissecting cellular signaling cascades and immunological checkpoints in t cell memory & adoptive transfer,Prof. Dr. med. Dirk Busch,Prof. Dr. med. Christian von Kalle; Prof. Dr. Stefan Endres,"Klinikum rechts der Isar, TU München",Klinische Forschungsgruppen,205 Medicine,Life Sciences,2018-01-01,2022-12-31,2018,DFG research grant awarded within the Life Sciences research area (Fachkollegium Medizin) to Dirk Busch.,https://gepris.dfg.de/gepris/projekt/240028154,2026-09-20
240029528,DFG-240029528,Dissecting cellular signaling cascades and immunological checkpoints in rna biology & bacterial infections,Prof. Dr. rer. nat. Jörg Vogel,Dr. med. Christoph Kuppe; Dr. med. Simon Lebek,Universitätsmedizin Göttingen,Sachbeihilfe,205 Medicine,Life Sciences,2020-01-01,2024-12-31,2020,DFG research grant awarded within the Life Sciences research area (Fachkollegium Medizin) to Jörg Vogel.,https://gepris.dfg.de/gepris/projekt/240029528,2026-09-20
240030902,DFG-240030902,Dissecting cellular signaling cascades and immunological checkpoints in innate immunity & receptor signaling,Prof. Dr. med. Eicke Latz,Prof. Dr. med. Christian von Kalle; Dr. med. Simon Lebek,Charité - Universitätsmedizin Berlin,Sachbeihilfe,205 Medicine,Life Sciences,2022-01-01,2026-12-31,2022,DFG research grant awarded within the Life Sciences research area (Fachkollegium Medizin) to Eicke Latz.,https://gepris.dfg.de/gepris/projekt/240030902,2026-09-20
240032276,DFG-240032276,Dissecting cellular signaling cascades and immunological checkpoints in gastroenterology & ibd,Prof. Dr. Britta Siegmund,Dr. Julia-Stefanie Frick; Dr. med. Johannes Schetelig,Charité - Universitätsmedizin Berlin,Sonderforschungsbereiche,205 Medicine,Life Sciences,2014-01-01,2018-12-31,2014,DFG research grant awarded within the Life Sciences research area (Fachkollegium Medizin) to Britta Siegmund.,https://gepris.dfg.de/gepris/projekt/240032276,2026-09-20
240033650,DFG-240033650,Dissecting cellular signaling cascades and immunological checkpoints in viral hepatitis & cd8 t-cells,Prof. Dr. med. Robert Thimme,Prof. Dr. med. Christian von Kalle; Prof. Dr. med. Sandra Ciesek,Universitätsklinikum Freiburg,Heisenberg-Programm,205 Medicine,Life Sciences,2014-01-01,2018-12-31,2014,DFG research grant awarded within the Life Sciences research area (Fachkollegium Medizin) to Robert Thimme.,https://gepris.dfg.de/gepris/projekt/240033650,2026-09-20
240035024,DFG-240035024,Dissecting cellular signaling cascades and immunological checkpoints in oncology & functional genomics,Prof. Dr. med. Lars Zender,Dr. med. Felix Neuhaus; Prof. Dr. Marion Subklewe,Universitätsklinikum Tübingen,Heisenberg-Programm,205 Medicine,Life Sciences,2022-01-01,2026-12-31,2022,DFG research grant awarded within the Life Sciences research area (Fachkollegium Medizin) to Lars Zender.,https://gepris.dfg.de/gepris/projekt/240035024,2026-09-20
