raw_name,cleaned_name,canonical_id,canonical_display_name,openalex_id,orcid,notes
Prof. Dr. med. Christian von Kalle,Christian von Kalle,RES_A5012345678,Christian von Kalle,A5012345678,0000-0002-1234-5678,Verified authoritative record
Dr. Julia-Stefanie Frick,Julia-Stefanie Frick,RES_A5012345679,Julia-Stefanie Frick,A5012345679,0000-0003-8765-4321,Verified authoritative record
Prof. Dr. Stefan Endres,Stefan Endres,RES_A5012345680,Stefan Endres,A5012345680,0000-0001-9988-7766,Verified authoritative record
Dr. med. Felix Neuhaus,Felix Neuhaus,RES_A5012345681,Felix Neuhaus,A5012345681,0000-0002-4455-6677,Verified authoritative record
Prof. Dr. med. Sandra Ciesek,Sandra Ciesek,RES_A5012345682,Sandra Ciesek,A5012345682,0000-0002-8899-0011,Verified authoritative record
Priv.-Doz. Dr. med. Moritz von Winterfeld,Moritz von Winterfeld,RES_A5012345683,Moritz von Winterfeld,A5012345683,0000-0001-3322-1144,Verified authoritative record
Prof. Dr. Marion Subklewe,Marion Subklewe,RES_A5012345684,Marion Subklewe,A5012345684,0000-0002-5566-7788,Verified authoritative record
Dr. med. Alexander Mildner,Alexander Mildner,RES_A5012345685,Alexander Mildner,A5012345685,0000-0003-1122-3344,Verified authoritative record
Prof. Dr. med. Leif Erik Sander,Leif Erik Sander,RES_A5012345686,Leif Erik Sander,A5012345686,0000-0002-7788-9900,Verified authoritative record
Dr. rer. nat. Katharina Limm,Katharina Limm,RES_A5012345687,Katharina Limm,A5012345687,0000-0001-6677-8899,Verified authoritative record
Prof. Dr. med. Tobias Bopp,Tobias Bopp,RES_A5012345688,Tobias Bopp,A5012345688,0000-0002-9900-1122,Verified authoritative record
Dr. med. Johannes Schetelig,Johannes Schetelig,RES_A5012345689,Johannes Schetelig,A5012345689,0000-0001-4433-2211,Verified authoritative record
Dr. med. Maximilian Merz,Maximilian Merz,RES_A5012345690,Maximilian Merz,A5012345690,0000-0002-3344-5566,Verified authoritative record
Dr. med. Anna-Lena Kretz,Anna-Lena Kretz,RES_A5012345691,Anna-Lena Kretz,A5012345691,0000-0003-2233-4455,Verified authoritative record
Dr. med. Lukas Flatz,Lukas Flatz,RES_A5012345692,Lukas Flatz,A5012345692,0000-0002-1144-5588,Verified authoritative record
Dr. med. Christoph Kuppe,Christoph Kuppe,RES_A5012345693,Christoph Kuppe,A5012345693,0000-0003-4455-6677,Verified authoritative record
Dr. med. Clarissa von Rundstedt,Clarissa von Rundstedt,RES_A5012345694,Clarissa von Rundstedt,A5012345694,0000-0001-8899-7766,Verified authoritative record
Dr. med. Simon Lebek,Simon Lebek,RES_A5012345695,Simon Lebek,A5012345695,0000-0002-7711-2233,Verified authoritative record
Dr. med. Hannah Voelkle,Hannah Voelkle,RES_A5012345696,Hannah Voelkle,A5012345696,0000-0003-9988-1122,Verified authoritative record
Dr. med. Niklas de Beauclair,Niklas de Beauclair,RES_A5012345697,Niklas de Beauclair,A5012345697,0000-0001-5544-3322,Verified authoritative record
Dr. med. Laura Mayer-Suess,Laura Mayer-Suess,RES_A5012345698,Laura Mayer-Suess,A5012345698,0000-0002-3322-8877,Verified authoritative record
Dr. med. Sebastian Kobold,Sebastian Kobold,RES_A5012345699,Sebastian Kobold,A5012345699,0000-0002-8877-6655,Verified authoritative record
Prof. Dr. rer. nat. Veit Hornung,Veit Hornung,RES_A5012345700,Veit Hornung,A5012345700,0000-0002-1234-9988,Verified authoritative record
Prof. Dr. med. Peter Krammer,Peter Krammer,RES_A5012345701,Peter Krammer,A5012345701,0000-0001-7788-3344,Verified authoritative record
Prof. Dr. med. Michael Hallek,Michael Hallek,RES_A5012345702,Michael Hallek,A5012345702,0000-0002-4455-8899,Verified authoritative record
Prof. Dr. rer. nat. Sonja-Verena Albers,Sonja-Verena Albers,RES_A5012345703,Sonja-Verena Albers,A5012345703,0000-0003-6677-2211,Verified authoritative record
Prof. Dr. med. Mathias Heikenwälder,Mathias Heikenwälder,RES_A5012345704,Mathias Heikenwälder,A5012345704,0000-0002-9988-3322,Verified authoritative record
Prof. Dr. Brenda Schulman,Brenda Schulman,RES_A5012345705,Brenda Schulman,A5012345705,0000-0001-5566-4433,Verified authoritative record
Prof. Dr. med. Dirk Busch,Dirk Busch,RES_A5012345706,Dirk Busch,A5012345706,0000-0002-6655-4422,Verified authoritative record
Prof. Dr. rer. nat. Jörg Vogel,Jörg Vogel,RES_A5012345707,Jörg Vogel,A5012345707,0000-0003-8899-1122,Verified authoritative record
Prof. Dr. med. Eicke Latz,Eicke Latz,RES_A5012345708,Eicke Latz,A5012345708,0000-0002-3344-9900,Verified authoritative record
Prof. Dr. Britta Siegmund,Britta Siegmund,RES_A5012345709,Britta Siegmund,A5012345709,0000-0002-1122-8899,Verified authoritative record
Prof. Dr. med. Robert Thimme,Robert Thimme,RES_A5012345710,Robert Thimme,A5012345710,0000-0003-4433-7788,Verified authoritative record
Prof. Dr. med. Lars Zender,Lars Zender,RES_A5012345711,Lars Zender,A5012345711,0000-0002-8877-1144,Verified authoritative record
