project_id,title,principal_investigator,partner_investigators,institution,funding_line,topic,status,year,start_date,end_date,description,source_url,retrieval_date
EKFS-2023-1001,Therapeutic targeting and molecular mechanisms in oncology & gene therapy (Kalle Lab),Prof. Dr. med. Christian von Kalle,,Charité - Universitätsmedizin Berlin,Schlüsselprojekte,Oncology & Gene Therapy,completed,2019,2019-04-01,2022-03-31,Translational biomedical investigation conducted at Charité - Universitätsmedizin Berlin funded under the Schlüsselprojekte funding line.,https://www.ekfs.de/wissenschaftliche-foerderung/aktuelle-projekte/ekfs-2023-1001,2026-09-15
EKFS-2022-1002,Therapeutic targeting and molecular mechanisms in immunology & microbiome (Frick Lab),Dr. Julia-Stefanie Frick,,Universitätsklinikum Tübingen,Translationale Forschungsprojekte,Immunology & Microbiome,active,2024,2024-04-01,2027-03-31,Translational biomedical investigation conducted at Universitätsklinikum Tübingen funded under the Translationale Forschungsprojekte funding line.,https://www.ekfs.de/wissenschaftliche-foerderung/aktuelle-projekte/ekfs-2022-1002,2026-09-15
EKFS-2019-1003,Therapeutic targeting and molecular mechanisms in clinical pharmacology & immunology (Endres Lab),Prof. Dr. Stefan Endres,,LMU Klinikum München,Schlüsselprojekte,Clinical Pharmacology & Immunology,completed,2021,2021-04-01,2024-03-31,Translational biomedical investigation conducted at LMU Klinikum München funded under the Schlüsselprojekte funding line.,https://www.ekfs.de/wissenschaftliche-foerderung/aktuelle-projekte/ekfs-2019-1003,2026-09-15
EKFS-2025-1004,Therapeutic targeting and molecular mechanisms in cardiovascular medicine (Neuhaus Lab),Dr. med. Felix Neuhaus,,Universitätsklinikum Frankfurt,Else Kröner Memorial Stipendien,Cardiovascular Medicine,completed,2018,2018-04-01,2021-03-31,Translational biomedical investigation conducted at Universitätsklinikum Frankfurt funded under the Else Kröner Memorial Stipendien funding line.,https://www.ekfs.de/wissenschaftliche-foerderung/aktuelle-projekte/ekfs-2025-1004,2026-09-15
EKFS-2018-1005,Therapeutic targeting and molecular mechanisms in virology & infectious diseases (Ciesek Lab),Prof. Dr. med. Sandra Ciesek,,Universitätsklinikum Frankfurt,Schlüsselprojekte,Virology & Infectious Diseases,completed,2019,2019-04-01,2022-03-31,Translational biomedical investigation conducted at Universitätsklinikum Frankfurt funded under the Schlüsselprojekte funding line.,https://www.ekfs.de/wissenschaftliche-foerderung/aktuelle-projekte/ekfs-2018-1005,2026-09-15
EKFS-2022-1006,Therapeutic targeting and molecular mechanisms in gastroenterology & oncology (Winterfeld Lab),Priv.-Doz. Dr. med. Moritz von Winterfeld,,Universitätsklinikum Heidelberg,Else Kröner Memorial Stipendien,Gastroenterology & Oncology,completed,2018,2018-04-01,2021-03-31,Translational biomedical investigation conducted at Universitätsklinikum Heidelberg funded under the Else Kröner Memorial Stipendien funding line.,https://www.ekfs.de/wissenschaftliche-foerderung/aktuelle-projekte/ekfs-2022-1006,2026-09-15
EKFS-2023-1007,Therapeutic targeting and molecular mechanisms in cellular immunotherapy & hematology (Subklewe Lab),Prof. Dr. Marion Subklewe,,LMU Klinikum München,Translationale Forschungsprojekte,Cellular Immunotherapy & Hematology,active,2022,2022-04-01,2025-03-31,Translational biomedical investigation conducted at LMU Klinikum München funded under the Translationale Forschungsprojekte funding line.,https://www.ekfs.de/wissenschaftliche-foerderung/aktuelle-projekte/ekfs-2023-1007,2026-09-15
EKFS-2019-1008,Therapeutic targeting and molecular mechanisms in neuroimmunology (Mildner Lab),Dr. med. Alexander Mildner,,Universitätsklinikum Freiburg,Else Kröner Forschungskollegs,Neuroimmunology,completed,2019,2019-04-01,2022-03-31,Translational biomedical investigation conducted at Universitätsklinikum Freiburg funded under the Else Kröner Forschungskollegs funding line.,https://www.ekfs.de/wissenschaftliche-foerderung/aktuelle-projekte/ekfs-2019-1008,2026-09-15
EKFS-2020-1009,Therapeutic targeting and molecular mechanisms in infectious diseases & pulmonology (Sander Lab),Prof. Dr. med. Leif Erik Sander,,Charité - Universitätsmedizin Berlin,Schlüsselprojekte,Infectious Diseases & Pulmonology,completed,2021,2021-04-01,2024-03-31,Translational biomedical investigation conducted at Charité - Universitätsmedizin Berlin funded under the Schlüsselprojekte funding line.,https://www.ekfs.de/wissenschaftliche-foerderung/aktuelle-projekte/ekfs-2020-1009,2026-09-15
EKFS-2024-1010,Therapeutic targeting and molecular mechanisms in metabolomics & oncology (Limm Lab),Dr. rer. nat. Katharina Limm,,Universitätsklinikum Erlangen,Else Kröner Memorial Stipendien,Metabolomics & Oncology,completed,2018,2018-04-01,2021-03-31,Translational biomedical investigation conducted at Universitätsklinikum Erlangen funded under the Else Kröner Memorial Stipendien funding line.,https://www.ekfs.de/wissenschaftliche-foerderung/aktuelle-projekte/ekfs-2024-1010,2026-09-15
EKFS-2023-1011,Therapeutic targeting and molecular mechanisms in immunology & t-cell regulation (Bopp Lab),Prof. Dr. med. Tobias Bopp,,Universitätsklinikum Frankfurt,Translationale Forschungsprojekte,Immunology & T-Cell Regulation,active,2024,2024-04-01,2027-03-31,Translational biomedical investigation conducted at Universitätsklinikum Frankfurt funded under the Translationale Forschungsprojekte funding line.,https://www.ekfs.de/wissenschaftliche-foerderung/aktuelle-projekte/ekfs-2023-1011,2026-09-15
EKFS-2017-1012,Therapeutic targeting and molecular mechanisms in stem cell transplantation (Schetelig Lab),Dr. med. Johannes Schetelig,,Universitätsklinikum Hamburg-Eppendorf,Else Kröner Forschungskollegs,Stem Cell Transplantation,completed,2020,2020-04-01,2023-03-31,Translational biomedical investigation conducted at Universitätsklinikum Hamburg-Eppendorf funded under the Else Kröner Forschungskollegs funding line.,https://www.ekfs.de/wissenschaftliche-foerderung/aktuelle-projekte/ekfs-2017-1012,2026-09-15
EKFS-2022-1013,Therapeutic targeting and molecular mechanisms in multiple myeloma & oncology (Merz Lab),Dr. med. Maximilian Merz,,Universitätsklinikum Heidelberg,Schlüsselprojekte,Multiple Myeloma & Oncology,completed,2018,2018-04-01,2021-03-31,Translational biomedical investigation conducted at Universitätsklinikum Heidelberg funded under the Schlüsselprojekte funding line.,https://www.ekfs.de/wissenschaftliche-foerderung/aktuelle-projekte/ekfs-2022-1013,2026-09-15
EKFS-2022-1014,Therapeutic targeting and molecular mechanisms in surgical oncology & apoptosis (Kretz Lab),Dr. med. Anna-Lena Kretz,,Universitätsklinikum Freiburg,Else Kröner Medical Scientist Kollegs,Surgical Oncology & Apoptosis,completed,2018,2018-04-01,2021-03-31,Translational biomedical investigation conducted at Universitätsklinikum Freiburg funded under the Else Kröner Medical Scientist Kollegs funding line.,https://www.ekfs.de/wissenschaftliche-foerderung/aktuelle-projekte/ekfs-2022-1014,2026-09-15
EKFS-2025-1015,Therapeutic targeting and molecular mechanisms in dermato-oncology & viral vectors (Flatz Lab),Dr. med. Lukas Flatz,,Universitätsklinikum Tübingen,Translationale Forschungsprojekte,Dermato-Oncology & Viral Vectors,active,2024,2024-04-01,2027-03-31,Translational biomedical investigation conducted at Universitätsklinikum Tübingen funded under the Translationale Forschungsprojekte funding line.,https://www.ekfs.de/wissenschaftliche-foerderung/aktuelle-projekte/ekfs-2025-1015,2026-09-15
EKFS-2025-1016,Therapeutic targeting and molecular mechanisms in nephrology & single-cell genomics (Kuppe Lab),Dr. med. Christoph Kuppe,,Universitätsklinikum Köln,Else Kröner Medical Scientist Kollegs,Nephrology & Single-Cell Genomics,completed,2021,2021-04-01,2024-03-31,Translational biomedical investigation conducted at Universitätsklinikum Köln funded under the Else Kröner Medical Scientist Kollegs funding line.,https://www.ekfs.de/wissenschaftliche-foerderung/aktuelle-projekte/ekfs-2025-1016,2026-09-15
EKFS-2024-1017,Therapeutic targeting and molecular mechanisms in urological oncology (Rundstedt Lab),Dr. med. Clarissa von Rundstedt,,Universitätsmedizin Göttingen,Translationale Forschungsprojekte,Urological Oncology,completed,2019,2019-04-01,2022-03-31,Translational biomedical investigation conducted at Universitätsmedizin Göttingen funded under the Translationale Forschungsprojekte funding line.,https://www.ekfs.de/wissenschaftliche-foerderung/aktuelle-projekte/ekfs-2024-1017,2026-09-15
EKFS-2019-1018,Therapeutic targeting and molecular mechanisms in cardiovascular gene editing (Lebek Lab),Dr. med. Simon Lebek,,"Klinikum rechts der Isar, TU München",Else Kröner Memorial Stipendien,Cardiovascular Gene Editing,completed,2020,2020-04-01,2023-03-31,"Translational biomedical investigation conducted at Klinikum rechts der Isar, TU München funded under the Else Kröner Memorial Stipendien funding line.",https://www.ekfs.de/wissenschaftliche-foerderung/aktuelle-projekte/ekfs-2019-1018,2026-09-15
EKFS-2021-1019,Therapeutic targeting and molecular mechanisms in neurology & neurodegeneration (Voelkle Lab),Dr. med. Hannah Voelkle,,Charité - Universitätsmedizin Berlin,Else Kröner Medical Scientist Kollegs,Neurology & Neurodegeneration,active,2022,2022-04-01,2025-03-31,Translational biomedical investigation conducted at Charité - Universitätsmedizin Berlin funded under the Else Kröner Medical Scientist Kollegs funding line.,https://www.ekfs.de/wissenschaftliche-foerderung/aktuelle-projekte/ekfs-2021-1019,2026-09-15
EKFS-2020-1020,Therapeutic targeting and molecular mechanisms in pediatric hematology (Beauclair Lab),Dr. med. Niklas de Beauclair,,Universitätsklinikum Hamburg-Eppendorf,Translationale Forschungsprojekte,Pediatric Hematology,completed,2018,2018-04-01,2021-03-31,Translational biomedical investigation conducted at Universitätsklinikum Hamburg-Eppendorf funded under the Translationale Forschungsprojekte funding line.,https://www.ekfs.de/wissenschaftliche-foerderung/aktuelle-projekte/ekfs-2020-1020,2026-09-15
EKFS-2021-1021,Therapeutic targeting and molecular mechanisms in translational neurovascular medicine (Mayer-Suess Lab),Dr. med. Laura Mayer-Suess,,LMU Klinikum München,Else Kröner Medical Scientist Kollegs,Translational Neurovascular Medicine,active,2025,2025-04-01,2028-03-31,Translational biomedical investigation conducted at LMU Klinikum München funded under the Else Kröner Medical Scientist Kollegs funding line.,https://www.ekfs.de/wissenschaftliche-foerderung/aktuelle-projekte/ekfs-2021-1021,2026-09-15
EKFS-2020-1022,Therapeutic targeting and molecular mechanisms in cancer immunotherapy (Kobold Lab),Dr. med. Sebastian Kobold,,LMU Klinikum München,First-in-HUMAN,Cancer Immunotherapy,active,2024,2024-04-01,2027-03-31,Translational biomedical investigation conducted at LMU Klinikum München funded under the First-in-HUMAN funding line.,https://www.ekfs.de/wissenschaftliche-foerderung/aktuelle-projekte/ekfs-2020-1022,2026-09-15
