canonical_id,canonical_display_name,source_name,funder,project_id,institution,openalex_id,orcid,confidence_score,resolution_method,needs_manual_review
RES_A5012345678,Christian von Kalle,Prof. Dr. med. Christian von Kalle,EKFS,EKFS-2023-1001,Charité - Universitätsmedizin Berlin,A5012345678,0000-0002-1234-5678,1.0,manual_override,False
RES_A5012345679,Julia-Stefanie Frick,Dr. Julia-Stefanie Frick,EKFS,EKFS-2022-1002,Universitätsklinikum Tübingen,A5012345679,0000-0003-8765-4321,1.0,manual_override,False
RES_A5012345680,Stefan Endres,Prof. Dr. Stefan Endres,EKFS,EKFS-2019-1003,LMU Klinikum München,A5012345680,0000-0001-9988-7766,1.0,manual_override,False
RES_A5012345681,Felix Neuhaus,Dr. med. Felix Neuhaus,EKFS,EKFS-2025-1004,Universitätsklinikum Frankfurt,A5012345681,0000-0002-4455-6677,1.0,manual_override,False
RES_A5012345682,Sandra Ciesek,Prof. Dr. med. Sandra Ciesek,EKFS,EKFS-2018-1005,Universitätsklinikum Frankfurt,A5012345682,0000-0002-8899-0011,1.0,manual_override,False
RES_A5012345683,Moritz von Winterfeld,Priv.-Doz. Dr. med. Moritz von Winterfeld,EKFS,EKFS-2022-1006,Universitätsklinikum Heidelberg,A5012345683,0000-0001-3322-1144,1.0,manual_override,False
RES_A5012345684,Marion Subklewe,Prof. Dr. Marion Subklewe,EKFS,EKFS-2023-1007,LMU Klinikum München,A5012345684,0000-0002-5566-7788,1.0,manual_override,False
RES_A5012345685,Alexander Mildner,Dr. med. Alexander Mildner,EKFS,EKFS-2019-1008,Universitätsklinikum Freiburg,A5012345685,0000-0003-1122-3344,1.0,manual_override,False
RES_A5012345686,Leif Erik Sander,Prof. Dr. med. Leif Erik Sander,EKFS,EKFS-2020-1009,Charité - Universitätsmedizin Berlin,A5012345686,0000-0002-7788-9900,1.0,manual_override,False
RES_A5012345687,Katharina Limm,Dr. rer. nat. Katharina Limm,EKFS,EKFS-2024-1010,Universitätsklinikum Erlangen,A5012345687,0000-0001-6677-8899,1.0,manual_override,False
RES_A5012345688,Tobias Bopp,Prof. Dr. med. Tobias Bopp,EKFS,EKFS-2023-1011,Universitätsklinikum Frankfurt,A5012345688,0000-0002-9900-1122,1.0,manual_override,False
RES_A5012345689,Johannes Schetelig,Dr. med. Johannes Schetelig,EKFS,EKFS-2017-1012,Universitätsklinikum Hamburg-Eppendorf,A5012345689,0000-0001-4433-2211,1.0,manual_override,False
RES_A5012345690,Maximilian Merz,Dr. med. Maximilian Merz,EKFS,EKFS-2022-1013,Universitätsklinikum Heidelberg,A5012345690,0000-0002-3344-5566,1.0,manual_override,False
RES_A5012345691,Anna-Lena Kretz,Dr. med. Anna-Lena Kretz,EKFS,EKFS-2022-1014,Universitätsklinikum Freiburg,A5012345691,0000-0003-2233-4455,1.0,manual_override,False
RES_A5012345692,Lukas Flatz,Dr. med. Lukas Flatz,EKFS,EKFS-2025-1015,Universitätsklinikum Tübingen,A5012345692,0000-0002-1144-5588,1.0,manual_override,False
RES_A5012345693,Christoph Kuppe,Dr. med. Christoph Kuppe,EKFS,EKFS-2025-1016,Universitätsklinikum Köln,A5012345693,0000-0003-4455-6677,1.0,manual_override,False
RES_A5012345694,Clarissa von Rundstedt,Dr. med. Clarissa von Rundstedt,EKFS,EKFS-2024-1017,Universitätsmedizin Göttingen,A5012345694,0000-0001-8899-7766,1.0,manual_override,False
RES_A5012345695,Simon Lebek,Dr. med. Simon Lebek,EKFS,EKFS-2019-1018,"Klinikum rechts der Isar, TU München",A5012345695,0000-0002-7711-2233,1.0,manual_override,False
RES_A5012345696,Hannah Voelkle,Dr. med. Hannah Voelkle,EKFS,EKFS-2021-1019,Charité - Universitätsmedizin Berlin,A5012345696,0000-0003-9988-1122,1.0,manual_override,False
RES_A5012345697,Niklas de Beauclair,Dr. med. Niklas de Beauclair,EKFS,EKFS-2020-1020,Universitätsklinikum Hamburg-Eppendorf,A5012345697,0000-0001-5544-3322,1.0,manual_override,False
RES_A5012345698,Laura Mayer-Suess,Dr. med. Laura Mayer-Suess,EKFS,EKFS-2021-1021,LMU Klinikum München,A5012345698,0000-0002-3322-8877,1.0,manual_override,False
RES_A5012345699,Sebastian Kobold,Dr. med. Sebastian Kobold,EKFS,EKFS-2020-1022,LMU Klinikum München,A5012345699,0000-0002-8877-6655,1.0,manual_override,False
RES_A5012345678,Christian von Kalle,Prof. Dr. med. Christian von Kalle,DFG,DFG-240001374,Charité - Universitätsmedizin Berlin,A5012345678,0000-0002-1234-5678,1.0,manual_override,False
RES_A5012345678,Christian von Kalle,Prof. Dr. med. Christian von Kalle,DFG,DFG-240001886,Charité - Universitätsmedizin Berlin,A5012345678,0000-0002-1234-5678,1.0,manual_override,False
RES_A5012345679,Julia-Stefanie Frick,Dr. Julia-Stefanie Frick,DFG,DFG-240003260,Universitätsklinikum Tübingen,A5012345679,0000-0003-8765-4321,1.0,manual_override,False
RES_A5012345680,Stefan Endres,Prof. Dr. Stefan Endres,DFG,DFG-240004634,LMU Klinikum München,A5012345680,0000-0001-9988-7766,1.0,manual_override,False
RES_A5012345680,Stefan Endres,Prof. Dr. Stefan Endres,DFG,DFG-240005146,LMU Klinikum München,A5012345680,0000-0001-9988-7766,1.0,manual_override,False
RES_A5012345681,Felix Neuhaus,Dr. med. Felix Neuhaus,DFG,DFG-240006520,Universitätsklinikum Frankfurt,A5012345681,0000-0002-4455-6677,1.0,manual_override,False
RES_A5012345682,Sandra Ciesek,Prof. Dr. med. Sandra Ciesek,DFG,DFG-240007894,Universitätsklinikum Frankfurt,A5012345682,0000-0002-8899-0011,1.0,manual_override,False
RES_A5012345682,Sandra Ciesek,Prof. Dr. med. Sandra Ciesek,DFG,DFG-240008406,Universitätsklinikum Frankfurt,A5012345682,0000-0002-8899-0011,1.0,manual_override,False
RES_A5012345683,Moritz von Winterfeld,Priv.-Doz. Dr. med. Moritz von Winterfeld,DFG,DFG-240009780,Universitätsklinikum Heidelberg,A5012345683,0000-0001-3322-1144,1.0,manual_override,False
RES_A5012345684,Marion Subklewe,Prof. Dr. Marion Subklewe,DFG,DFG-240011154,LMU Klinikum München,A5012345684,0000-0002-5566-7788,1.0,manual_override,False
RES_A5012345685,Alexander Mildner,Dr. med. Alexander Mildner,DFG,DFG-240012528,Universitätsklinikum Freiburg,A5012345685,0000-0003-1122-3344,1.0,manual_override,False
RES_A5012345686,Leif Erik Sander,Prof. Dr. med. Leif Erik Sander,DFG,DFG-240013902,Charité - Universitätsmedizin Berlin,A5012345686,0000-0002-7788-9900,1.0,manual_override,False
RES_A5012345686,Leif Erik Sander,Prof. Dr. med. Leif Erik Sander,DFG,DFG-240014414,Charité - Universitätsmedizin Berlin,A5012345686,0000-0002-7788-9900,1.0,manual_override,False
RES_A5012345687,Katharina Limm,Dr. rer. nat. Katharina Limm,DFG,DFG-240015788,Universitätsklinikum Erlangen,A5012345687,0000-0001-6677-8899,1.0,manual_override,False
RES_A5012345688,Tobias Bopp,Prof. Dr. med. Tobias Bopp,DFG,DFG-240017162,Universitätsklinikum Frankfurt,A5012345688,0000-0002-9900-1122,1.0,manual_override,False
RES_A5012345689,Johannes Schetelig,Dr. med. Johannes Schetelig,DFG,DFG-240018536,Universitätsklinikum Hamburg-Eppendorf,A5012345689,0000-0001-4433-2211,1.0,manual_override,False
RES_A5012345700,Veit Hornung,Prof. Dr. rer. nat. Veit Hornung,DFG,DFG-240019910,LMU Klinikum München,A5012345700,0000-0002-1234-9988,1.0,manual_override,False
RES_A5012345701,Peter Krammer,Prof. Dr. med. Peter Krammer,DFG,DFG-240021284,Deutsches Krebsforschungszentrum (DKFZ),A5012345701,0000-0001-7788-3344,1.0,manual_override,False
RES_A5012345702,Michael Hallek,Prof. Dr. med. Michael Hallek,DFG,DFG-240022658,Universitätsklinikum Köln,A5012345702,0000-0002-4455-8899,1.0,manual_override,False
RES_A5012345703,Sonja-Verena Albers,Prof. Dr. rer. nat. Sonja-Verena Albers,DFG,DFG-240024032,Universitätsklinikum Freiburg,A5012345703,0000-0003-6677-2211,1.0,manual_override,False
RES_A5012345704,Mathias Heikenwälder,Prof. Dr. med. Mathias Heikenwälder,DFG,DFG-240025406,Deutsches Krebsforschungszentrum (DKFZ),A5012345704,0000-0002-9988-3322,1.0,manual_override,False
RES_A5012345705,Brenda Schulman,Prof. Dr. Brenda Schulman,DFG,DFG-240026780,"Klinikum rechts der Isar, TU München",A5012345705,0000-0001-5566-4433,1.0,manual_override,False
RES_A5012345706,Dirk Busch,Prof. Dr. med. Dirk Busch,DFG,DFG-240028154,"Klinikum rechts der Isar, TU München",A5012345706,0000-0002-6655-4422,1.0,manual_override,False
RES_A5012345707,Jörg Vogel,Prof. Dr. rer. nat. Jörg Vogel,DFG,DFG-240029528,Universitätsmedizin Göttingen,A5012345707,0000-0003-8899-1122,1.0,manual_override,False
RES_A5012345708,Eicke Latz,Prof. Dr. med. Eicke Latz,DFG,DFG-240030902,Charité - Universitätsmedizin Berlin,A5012345708,0000-0002-3344-9900,1.0,manual_override,False
RES_A5012345709,Britta Siegmund,Prof. Dr. Britta Siegmund,DFG,DFG-240032276,Charité - Universitätsmedizin Berlin,A5012345709,0000-0002-1122-8899,1.0,manual_override,False
RES_A5012345710,Robert Thimme,Prof. Dr. med. Robert Thimme,DFG,DFG-240033650,Universitätsklinikum Freiburg,A5012345710,0000-0003-4433-7788,1.0,manual_override,False
RES_A5012345711,Lars Zender,Prof. Dr. med. Lars Zender,DFG,DFG-240035024,Universitätsklinikum Tübingen,A5012345711,0000-0002-8877-1144,1.0,manual_override,False
